sku_id,product_name,category,color,size,supplier_id,launch_date,cost_price,mrp,margin_per_unit,units_purchased,units_sold_total,units_on_hand,stock_remaining_pct,sell_through_rate,last_sale_date,days_since_last_sale,days_on_shelf,units_sold_last_4w,velocity_overall,weeks_of_stock,bleed_score,margin_at_risk,status,top_channel
SKU-0489,Ikat Palazzo (Silk blend),Palazzo,Mauve,XS,SUP-004,2024-06-08,226,603,377,122,2,120,0.984,0.016,2024-06-08,176,176,0.0,0.08,999.0,173.18,45240,Critical,Store - Koramangala
SKU-0416,Block print Dress (Mul mul),Dress,Charcoal,S,SUP-007,2024-06-14,605,1570,965,114,2,112,0.982,0.018,2024-06-14,170,170,0.0,0.08,999.0,166.94,108080,Critical,Online - Instagram
SKU-0426,Ikat Dress (Chanderi),Dress,Terracotta,XXL,SUP-001,2024-06-18,443,1640,1197,113,2,111,0.982,0.018,2024-06-18,166,166,0.0,0.08,999.0,163.01,132867,Critical,Online - Nykaa
SKU-0373,Bandhani Dress (Georgette),Dress,Charcoal,S,SUP-009,2024-07-19,532,1431,899,103,1,102,0.99,0.01,2024-07-19,135,135,0.0,0.05,999.0,133.65,91698,Critical,Online - Website
SKU-0321,Shibori Dupatta (Rayon),Dupatta,Ochre,L,SUP-009,2024-08-04,199,749,550,74,0,74,1.0,0.0,2024-08-04,119,119,0.0,0.0,999.0,119.0,40700,Critical,
SKU-0119,Block print Kurta (Cotton),Kurta,Ivory,XS,SUP-007,2024-06-28,372,1524,1152,95,5,90,0.947,0.053,2024-07-30,124,156,0.0,0.22,999.0,117.43,103680,Critical,Store - MG Road
SKU-0290,Shibori Coord Set (Chanderi),Coord Set,Indigo,M,SUP-001,2024-06-18,635,1759,1124,65,4,61,0.938,0.062,2024-07-30,124,166,0.0,0.17,999.0,116.31,68564,Critical,Online - Nykaa
SKU-0230,Ajrakh Coord Set (Chanderi),Coord Set,Ivory,S,SUP-008,2024-06-13,618,2641,2023,76,8,68,0.895,0.105,2024-07-26,128,171,0.0,0.33,999.0,114.56,137564,Critical,Online - Website
SKU-0363,Block print Dupatta (Georgette),Dupatta,Ochre,XXL,SUP-006,2024-08-05,210,788,578,54,2,52,0.963,0.037,2024-08-05,118,118,0.0,0.12,999.0,113.63,30056,Critical,Store - Koramangala
SKU-0063,Shibori Kurta (Linen),Kurta,Ivory,XS,SUP-004,2024-08-11,362,1228,866,141,0,141,1.0,0.0,2024-08-11,112,112,0.0,0.0,999.0,112.0,122106,Critical,
SKU-0135,Mirror work Saree (Linen),Saree,Blush pink,XS,SUP-007,2024-06-23,1648,5632,3984,30,4,26,0.867,0.133,2024-08-03,120,161,0.0,0.17,999.0,104.04,103584,Critical,Online - Website
SKU-0332,Bagru print Dupatta (Rayon),Dupatta,Ochre,L,SUP-009,2024-06-28,235,563,328,69,8,61,0.884,0.116,2024-08-06,117,156,0.0,0.36,999.0,103.43,20008,Critical,Online - Instagram
SKU-0166,Ajrakh Saree (Cotton),Saree,Terracotta,L,SUP-002,2024-06-30,1781,3120,1339,84,3,81,0.964,0.036,2024-08-20,103,154,0.0,0.14,999.0,99.29,108459,Critical,Store - MG Road
SKU-0444,Mirror work Dress (Mul mul),Dress,Charcoal,XL,SUP-010,2024-08-24,606,1853,1247,65,0,65,1.0,0.0,2024-08-24,99,99,0.0,0.0,999.0,99.0,81055,Critical,
SKU-0121,Ikat Saree (Rayon),Saree,Ochre,XS,SUP-001,2024-06-16,1353,4235,2882,130,5,125,0.962,0.038,2024-08-23,100,168,0.0,0.21,999.0,96.2,360250,Critical,Store - MG Road
SKU-0493,Chikankari Palazzo (Chanderi),Palazzo,Indigo,XXL,SUP-003,2024-08-28,274,1077,803,65,0,65,1.0,0.0,2024-08-28,95,95,0.0,0.0,999.0,95.0,52195,Critical,
SKU-0327,Bagru print Dupatta (Rayon),Dupatta,Indigo,L,SUP-010,2024-08-29,205,638,433,72,0,72,1.0,0.0,2024-08-29,94,94,0.0,0.0,999.0,94.0,31176,Critical,
SKU-0252,Bandhani Coord Set (Mul mul),Coord Set,Teal,M,SUP-010,2024-06-28,649,2204,1555,102,9,93,0.912,0.088,2024-08-21,102,156,0.0,0.4,999.0,93.02,144615,Critical,Store - Koramangala
SKU-0215,Ikat Coord Set (Linen),Coord Set,Teal,S,SUP-003,2024-06-09,565,1734,1169,144,16,128,0.889,0.111,2024-08-20,103,175,0.0,0.64,999.0,91.57,149632,Critical,Online - Instagram
SKU-0402,Bandhani Dress (Cotton),Dress,Sage green,XS,SUP-005,2024-07-06,746,1641,895,30,3,27,0.9,0.1,2024-08-25,98,148,0.0,0.14,999.0,88.2,24165,Critical,Online - Nykaa
SKU-0150,Dabu print Saree (Linen),Saree,Mauve,M,SUP-009,2024-07-24,1976,3822,1846,60,9,51,0.85,0.15,2024-08-21,102,130,0.0,0.48,999.0,86.7,94146,Critical,Online - Nykaa
SKU-0185,Chikankari Saree (Georgette),Saree,Indigo,L,SUP-002,2024-06-13,1162,5708,4546,107,15,92,0.86,0.14,2024-08-24,99,171,0.0,0.61,999.0,85.14,418232,Critical,Online - Instagram
SKU-0453,Bandhani Palazzo (Rayon),Palazzo,Teal,S,SUP-008,2024-07-26,275,831,556,34,4,30,0.882,0.118,2024-08-27,96,128,0.0,0.22,999.0,84.67,16680,Critical,Online - Nykaa
SKU-0420,Ikat Dress (Georgette),Dress,Indigo,XS,SUP-009,2024-06-30,432,1309,877,67,5,62,0.925,0.075,2024-09-02,90,154,0.0,0.23,999.0,83.25,54374,Critical,Online - Website
SKU-0219,Shibori Coord Set (Cotton),Coord Set,Indigo,M,SUP-005,2024-07-18,825,2568,1743,34,3,31,0.912,0.088,2024-09-01,91,136,0.0,0.15,999.0,82.99,54033,Critical,Store - MG Road
SKU-0079,Mirror work Kurta (Georgette),Kurta,Ivory,XS,SUP-001,2024-06-16,569,990,421,146,16,130,0.89,0.11,2024-08-30,93,168,0.0,0.67,999.0,82.77,54730,Critical,Store - MG Road
SKU-0357,Mirror work Dupatta (Cotton),Dupatta,Blush pink,XL,SUP-001,2024-07-31,224,474,250,77,8,69,0.896,0.104,2024-08-31,92,123,0.0,0.46,999.0,82.43,17250,Critical,Online - Instagram
SKU-0500,Ikat Palazzo (Silk blend),Palazzo,Rust,L,SUP-005,2024-08-01,220,791,571,30,5,25,0.833,0.167,2024-08-25,98,122,0.0,0.29,999.0,81.63,14275,Critical,Online - Website
SKU-0023,Ajrakh Kurta (Chanderi),Kurta,Ochre,XL,SUP-001,2024-07-28,430,1648,1218,30,4,26,0.867,0.133,2024-08-30,93,126,0.0,0.22,999.0,80.63,31668,Critical,Online - Instagram
SKU-0325,Bagru print Dupatta (Cotton),Dupatta,Rust,M,SUP-009,2024-06-06,250,436,186,114,12,102,0.895,0.105,2024-09-02,90,178,0.0,0.47,999.0,80.55,18972,Critical,Store - Koramangala
SKU-0379,Shibori Dress (Georgette),Dress,Teal,M,SUP-010,2024-06-15,607,1294,687,86,17,69,0.802,0.198,2024-08-24,99,169,0.0,0.7,999.0,79.4,47403,Critical,Online - Website
SKU-0220,Dabu print Coord Set (Silk blend),Coord Set,Ochre,XXL,SUP-010,2024-06-20,663,1700,1037,122,4,118,0.967,0.033,2024-09-11,81,164,0.0,0.17,999.0,78.33,122366,Critical,Online - Nykaa
SKU-0236,Block print Coord Set (Mul mul),Coord Set,Terracotta,XL,SUP-003,2024-06-28,588,2124,1536,89,13,76,0.854,0.146,2024-09-01,91,156,0.0,0.58,999.0,77.71,116736,Critical,Store - MG Road
SKU-0203,Ajrakh Coord Set (Mul mul),Coord Set,Ivory,S,SUP-001,2024-06-11,591,2072,1481,62,15,47,0.758,0.242,2024-08-21,102,173,0.0,0.61,999.0,77.32,69607,Critical,Store - Koramangala
SKU-0287,Block print Coord Set (Rayon),Coord Set,Sage green,XL,SUP-008,2024-06-19,542,1807,1265,87,13,74,0.851,0.149,2024-09-02,90,165,0.0,0.55,999.0,76.59,93610,Critical,Store - Koramangala
SKU-0475,Kalamkari Palazzo (Silk blend),Palazzo,Mauve,M,SUP-001,2024-07-28,271,673,402,35,3,32,0.914,0.086,2024-09-09,83,126,0.0,0.17,999.0,75.86,12864,Critical,Store - MG Road
SKU-0352,Mirror work Dupatta (Georgette),Dupatta,Ochre,XS,SUP-003,2024-06-17,207,619,412,139,14,125,0.899,0.101,2024-09-08,84,167,0.0,0.59,999.0,75.52,51500,Critical,Store - Koramangala
SKU-0072,Bandhani Kurta (Georgette),Kurta,Rust,XL,SUP-002,2024-08-20,440,1663,1223,121,4,117,0.967,0.033,2024-09-14,78,103,0.0,0.27,999.0,75.43,143091,Critical,Online - Instagram
SKU-0051,Mirror work Kurta (Cotton),Kurta,Blush pink,XL,SUP-005,2024-07-15,639,1045,406,30,6,24,0.8,0.2,2024-08-30,93,139,0.0,0.3,999.0,74.4,9744,Critical,Online - Instagram
SKU-0468,Chikankari Palazzo (Cotton),Palazzo,Ivory,M,SUP-010,2024-07-29,280,625,345,44,6,38,0.864,0.136,2024-09-09,83,125,0.0,0.34,999.0,71.71,13110,Critical,Store - Indiranagar
SKU-0479,Bagru print Palazzo (Chanderi),Palazzo,Terracotta,XS,SUP-009,2024-06-23,327,1026,699,37,4,33,0.892,0.108,2024-09-12,80,161,0.0,0.17,999.0,71.36,23067,Critical,Store - Koramangala
SKU-0206,Shibori Coord Set (Linen),Coord Set,Charcoal,XS,SUP-002,2024-07-07,816,2034,1218,105,2,103,0.981,0.019,2024-09-20,72,147,0.0,0.1,999.0,70.63,125454,Critical,Online - Instagram
SKU-0153,Dabu print Saree (Rayon),Saree,Mauve,M,SUP-008,2024-07-26,1492,5563,4071,40,6,34,0.85,0.15,2024-09-09,83,128,0.0,0.33,999.0,70.55,138414,Critical,Store - Indiranagar
SKU-0391,Dabu print Dress (Silk blend),Dress,Mauve,XL,SUP-008,2024-06-19,671,1203,532,57,16,41,0.719,0.281,2024-08-25,98,165,0.0,0.68,999.0,70.46,21812,Critical,Store - Koramangala
SKU-0131,Kalamkari Saree (Chanderi),Saree,Charcoal,M,SUP-004,2024-09-22,1960,5707,3747,54,0,54,1.0,0.0,2024-09-22,70,70,0.0,0.0,999.0,70.0,202338,Critical,
SKU-0216,Bandhani Coord Set (Rayon),Coord Set,Indigo,XL,SUP-001,2024-07-16,685,2669,1984,128,18,110,0.859,0.141,2024-09-12,80,138,0.0,0.91,999.0,68.72,218240,Critical,Store - Indiranagar
SKU-0087,Ajrakh Kurta (Mul mul),Kurta,Ivory,XXL,SUP-005,2024-07-18,467,1720,1253,123,9,114,0.927,0.073,2024-09-19,73,136,0.0,0.46,999.0,67.67,142842,Critical,Online - Website
SKU-0100,Dabu print Kurta (Linen),Kurta,Blush pink,M,SUP-007,2024-08-01,565,1335,770,32,7,25,0.781,0.219,2024-09-07,85,122,0.0,0.4,999.0,66.39,19250,Critical,Online - Nykaa
SKU-0244,Shibori Coord Set (Linen),Coord Set,Teal,L,SUP-010,2024-08-20,576,2043,1467,68,7,61,0.897,0.103,2024-09-18,74,103,0.0,0.48,999.0,66.38,89487,Critical,Store - Indiranagar
SKU-0204,Dabu print Coord Set (Linen),Coord Set,Teal,S,SUP-006,2024-07-25,732,1988,1256,132,9,123,0.932,0.068,2024-09-22,70,129,0.0,0.49,999.0,65.24,154488,Critical,Online - Website
SKU-0396,Shibori Dress (Silk blend),Dress,Indigo,XS,SUP-003,2024-06-28,494,1506,1012,82,13,69,0.841,0.159,2024-09-15,77,156,0.0,0.58,999.0,64.76,69828,Critical,Store - Koramangala
SKU-0410,Ajrakh Dress (Linen),Dress,Indigo,L,SUP-004,2024-06-11,473,1759,1286,82,13,69,0.841,0.159,2024-09-16,76,173,0.0,0.53,999.0,63.92,88734,Critical,Store - MG Road
SKU-0050,Kalamkari Kurta (Cotton),Kurta,Terracotta,S,SUP-001,2024-07-04,628,1076,448,140,31,109,0.779,0.221,2024-09-10,82,150,0.0,1.45,999.0,63.88,48832,Critical,Online - Nykaa
SKU-0246,Chikankari Coord Set (Linen),Coord Set,Ivory,L,SUP-008,2024-07-23,535,2507,1972,74,12,62,0.838,0.162,2024-09-16,76,131,0.0,0.64,999.0,63.69,122264,Critical,Store - MG Road
SKU-0253,Ajrakh Coord Set (Silk blend),Coord Set,Teal,XL,SUP-002,2024-06-18,577,2500,1923,96,25,71,0.74,0.26,2024-09-07,85,166,0.0,1.05,999.0,62.9,136533,Critical,Store - MG Road
SKU-0490,Dabu print Palazzo (Silk blend),Palazzo,Blush pink,L,SUP-001,2024-06-16,322,622,300,72,19,53,0.736,0.264,2024-09-10,82,168,0.0,0.79,999.0,60.35,15900,Critical,Store - Koramangala
SKU-0498,Mirror work Palazzo (Mul mul),Palazzo,Ivory,M,SUP-006,2024-07-06,203,763,560,143,13,130,0.909,0.091,2024-09-26,66,148,0.0,0.61,999.0,59.99,72800,Critical,Online - Nykaa
SKU-0414,Shibori Dress (Cotton),Dress,Rust,XS,SUP-002,2024-07-02,739,1767,1028,73,10,63,0.863,0.137,2024-09-23,69,152,0.0,0.46,999.0,59.55,64764,Critical,Online - Nykaa
SKU-0264,Ikat Coord Set (Cotton),Coord Set,Teal,S,SUP-002,2024-06-29,725,1908,1183,134,39,95,0.709,0.291,2024-09-09,83,155,0.0,1.76,999.0,58.85,112385,Critical,Online - Instagram
SKU-0245,Bagru print Coord Set (Cotton),Coord Set,Terracotta,XL,SUP-010,2024-09-08,896,1558,662,85,4,81,0.953,0.047,2024-10-01,61,84,0.0,0.33,999.0,58.13,53622,Critical,Online - Instagram
SKU-0152,Ajrakh Saree (Mul mul),Saree,Ochre,M,SUP-001,2024-10-03,1780,4881,3101,80,2,78,0.975,0.025,2024-10-03,59,59,0.0,0.24,999.0,57.52,241878,Critical,Online - Website
SKU-0446,Bandhani Dress (Mul mul),Dress,Terracotta,L,SUP-009,2024-08-17,574,1988,1414,83,8,75,0.904,0.096,2024-09-29,63,106,0.0,0.53,999.0,56.95,106050,Critical,Store - Koramangala
SKU-0194,Mirror work Saree (Silk blend),Saree,Charcoal,XL,SUP-003,2024-08-26,1668,6226,4558,30,3,27,0.9,0.1,2024-09-29,63,97,0.0,0.22,999.0,56.7,123066,Critical,Online - Instagram
SKU-0212,Mirror work Coord Set (Georgette),Coord Set,Ivory,L,SUP-001,2024-08-17,534,1844,1310,123,7,116,0.943,0.057,2024-10-02,60,106,0.0,0.46,999.0,56.58,151960,Critical,Online - Nykaa
SKU-0107,Chikankari Kurta (Mul mul),Kurta,Blush pink,XS,SUP-007,2024-09-09,626,1659,1033,32,4,28,0.875,0.125,2024-09-29,63,83,0.0,0.34,999.0,55.12,28924,Critical,Store - Indiranagar
SKU-0070,Bagru print Kurta (Rayon),Kurta,Ivory,XXL,SUP-004,2024-08-27,514,1371,857,46,6,40,0.87,0.13,2024-09-29,63,96,0.0,0.44,999.0,54.81,34280,Critical,Online - Nykaa
SKU-0349,Chikankari Dupatta (Cotton),Dupatta,Rust,L,SUP-002,2024-06-26,261,833,572,144,8,136,0.944,0.056,2024-10-04,58,158,0.0,0.35,999.0,54.75,77792,Critical,Store - MG Road
SKU-0392,Ikat Dress (Linen),Dress,Rust,M,SUP-005,2024-08-09,424,1756,1332,127,14,113,0.89,0.11,2024-10-01,61,114,0.0,0.86,999.0,54.29,150516,Critical,Store - Indiranagar
SKU-0455,Chikankari Palazzo (Linen),Palazzo,Charcoal,M,SUP-004,2024-06-24,335,917,582,44,17,27,0.614,0.386,2024-09-04,88,160,0.0,0.74,999.0,54.03,15714,Critical,Online - Instagram
SKU-0311,Mirror work Dupatta (Rayon),Dupatta,Sage green,M,SUP-004,2024-09-21,195,379,184,123,5,118,0.959,0.041,2024-10-06,56,71,0.0,0.49,999.0,53.7,21712,Critical,Online - Instagram
SKU-0187,Bandhani Saree (Linen),Saree,Teal,S,SUP-009,2024-09-09,2046,3207,1161,125,3,122,0.976,0.024,2024-10-07,55,83,0.0,0.25,999.0,53.68,141642,Critical,Online - Nykaa
SKU-0472,Bandhani Palazzo (Silk blend),Palazzo,Terracotta,XS,SUP-004,2024-09-15,212,789,577,124,8,116,0.935,0.065,2024-10-05,57,77,0.0,0.73,999.0,53.3,66932,Critical,Online - Nykaa
SKU-0262,Kalamkari Coord Set (Mul mul),Coord Set,Blush pink,L,SUP-001,2024-07-23,614,2527,1913,59,18,41,0.695,0.305,2024-09-16,76,131,0.0,0.96,999.0,52.82,78433,Critical,Online - Nykaa
SKU-0059,Dabu print Kurta (Chanderi),Kurta,Terracotta,XXL,SUP-002,2024-08-17,439,1725,1286,144,6,138,0.958,0.042,2024-10-08,54,106,0.0,0.4,999.0,51.73,177468,Critical,Store - Indiranagar
SKU-0365,Bagru print Dupatta (Linen),Dupatta,Rust,XL,SUP-004,2024-08-11,212,458,246,85,12,73,0.859,0.141,2024-10-02,60,112,0.0,0.75,999.0,51.54,17958,Critical,Online - Nykaa
SKU-0474,Bandhani Palazzo (Chanderi),Palazzo,Teal,M,SUP-003,2024-07-22,206,755,549,111,17,94,0.847,0.153,2024-10-02,60,132,0.0,0.9,999.0,50.82,51606,Critical,Online - Instagram
SKU-0441,Ajrakh Dress (Silk blend),Dress,Teal,XXL,SUP-006,2024-08-21,558,1456,898,111,21,90,0.811,0.189,2024-09-30,62,102,0.0,1.44,999.0,50.28,80820,Critical,Store - MG Road
SKU-0318,Block print Dupatta (Cotton),Dupatta,Sage green,XXL,SUP-009,2024-06-08,158,847,689,83,24,59,0.711,0.289,2024-09-22,70,176,0.0,0.95,999.0,49.77,40651,Critical,Online - Website
SKU-0035,Mirror work Kurta (Linen),Kurta,Rust,XXL,SUP-008,2024-06-13,371,1699,1328,56,26,30,0.536,0.464,2024-08-31,92,171,0.0,1.06,999.0,49.31,39840,Critical,Online - Instagram
SKU-0141,Bandhani Saree (Cotton),Saree,Blush pink,S,SUP-003,2024-09-12,1560,5510,3950,125,9,116,0.928,0.072,2024-10-09,53,80,0.0,0.79,999.0,49.18,458200,Critical,Online - Nykaa
SKU-0247,Chikankari Coord Set (Linen),Coord Set,Ochre,XL,SUP-006,2024-07-18,861,1958,1097,121,5,116,0.959,0.041,2024-10-11,51,136,0.0,0.26,999.0,48.91,127252,Critical,Online - Nykaa
SKU-0147,Bandhani Saree (Cotton),Saree,Charcoal,S,SUP-009,2024-07-27,927,4968,4041,132,33,99,0.75,0.25,2024-09-27,65,127,0.0,1.82,999.0,48.75,400059,Critical,Online - Instagram
SKU-0112,Kalamkari Kurta (Linen),Kurta,Sage green,XL,SUP-003,2024-10-11,491,1269,778,62,3,59,0.952,0.048,2024-10-11,51,51,0.0,0.41,999.0,48.55,45902,Critical,Store - MG Road
SKU-0470,Chikankari Palazzo (Mul mul),Palazzo,Blush pink,M,SUP-003,2024-06-09,277,819,542,35,19,16,0.457,0.543,2024-08-18,105,175,0.0,0.76,999.0,47.98,8672,Critical,Store - Indiranagar
SKU-0133,Shibori Saree (Georgette),Saree,Sage green,XXL,SUP-005,2024-06-19,1754,3405,1651,117,32,85,0.726,0.274,2024-09-26,66,165,0.0,1.36,999.0,47.92,140335,Critical,Store - MG Road
SKU-0094,Bagru print Kurta (Cotton),Kurta,Rust,M,SUP-002,2024-07-09,357,1309,952,90,26,64,0.711,0.289,2024-09-25,67,145,0.0,1.26,999.0,47.64,60928,Critical,Store - Koramangala
SKU-0132,Ajrakh Saree (Silk blend),Saree,Indigo,M,SUP-001,2024-07-06,874,2585,1711,72,25,47,0.653,0.347,2024-09-20,72,148,0.0,1.18,999.0,47.02,80417,Critical,Online - Website
SKU-0343,Shibori Dupatta (Rayon),Dupatta,Blush pink,S,SUP-006,2024-08-02,240,744,504,32,9,23,0.719,0.281,2024-09-27,65,121,0.0,0.52,999.0,46.74,11592,Critical,Online - Nykaa
SKU-0372,Ikat Dress (Chanderi),Dress,Mauve,M,SUP-008,2024-06-10,743,2089,1346,113,44,69,0.611,0.389,2024-09-16,76,174,0.0,1.77,999.0,46.44,92874,Critical,Store - Koramangala
SKU-0067,Kalamkari Kurta (Silk blend),Kurta,Teal,XL,SUP-002,2024-07-19,535,1347,812,140,24,116,0.829,0.171,2024-10-06,56,135,0.0,1.24,999.0,46.42,94192,Critical,Store - Indiranagar
SKU-0240,Mirror work Coord Set (Linen),Coord Set,Indigo,L,SUP-005,2024-08-23,542,2343,1801,52,7,45,0.865,0.135,2024-10-09,53,100,0.0,0.49,999.0,45.84,81045,Critical,Online - Website
SKU-0136,Bagru print Saree (Silk blend),Saree,Ivory,XL,SUP-008,2024-07-18,1964,3189,1225,48,5,43,0.896,0.104,2024-10-11,51,136,0.0,0.26,999.0,45.7,52675,Critical,Online - Website
SKU-0234,Ajrakh Coord Set (Rayon),Coord Set,Ochre,XXL,SUP-004,2024-09-11,576,2582,2006,131,5,126,0.962,0.038,2024-10-15,47,81,0.0,0.43,999.0,45.21,252756,Critical,Online - Website
SKU-0312,Ikat Dupatta (Cotton),Dupatta,Charcoal,L,SUP-006,2024-06-25,232,532,300,74,16,58,0.784,0.216,2024-10-05,57,159,0.0,0.7,999.0,44.69,17400,Critical,Store - Koramangala
SKU-0089,Mirror work Kurta (Mul mul),Kurta,Indigo,XXL,SUP-002,2024-08-07,415,1024,609,127,18,109,0.858,0.142,2024-10-10,52,116,0.0,1.09,999.0,44.62,66381,Critical,Store - Koramangala
SKU-0138,Bandhani Saree (Georgette),Saree,Sage green,XS,SUP-008,2024-06-05,1936,4361,2425,58,33,25,0.431,0.569,2024-08-21,102,179,0.0,1.29,999.0,43.96,60625,Critical,Store - Indiranagar
SKU-0233,Block print Coord Set (Cotton),Coord Set,Charcoal,XL,SUP-009,2024-09-06,691,1974,1283,146,7,139,0.952,0.048,2024-10-16,46,86,0.0,0.57,999.0,43.79,178337,Critical,Store - Indiranagar
SKU-0371,Chikankari Dress (Cotton),Dress,Sage green,S,SUP-002,2024-08-23,427,1958,1531,95,14,81,0.853,0.147,2024-10-11,51,100,0.0,0.98,999.0,43.5,124011,Critical,Online - Instagram
SKU-0184,Shibori Saree (Silk blend),Saree,Teal,S,SUP-010,2024-09-21,806,2756,1950,61,6,55,0.902,0.098,2024-10-14,48,71,0.0,0.59,999.0,43.3,107250,Critical,Store - Indiranagar
SKU-0038,Block print Kurta (Linen),Kurta,Mauve,M,SUP-001,2024-08-17,386,1229,843,145,25,120,0.828,0.172,2024-10-10,52,106,0.0,1.65,999.0,43.06,101160,Critical,Online - Website
SKU-0417,Block print Dress (Mul mul),Dress,Ivory,L,SUP-009,2024-08-09,654,2136,1482,123,32,91,0.74,0.26,2024-10-04,58,114,0.0,1.96,999.0,42.92,134862,Critical,Online - Website
SKU-0085,Shibori Kurta (Linen),Kurta,Ivory,M,SUP-004,2024-09-01,494,1034,540,91,19,72,0.791,0.209,2024-10-08,54,91,0.0,1.46,999.0,42.71,38880,Critical,Store - Koramangala
SKU-0117,Bandhani Kurta (Rayon),Kurta,Mauve,XL,SUP-003,2024-10-19,619,1777,1158,107,1,106,0.991,0.009,2024-10-19,43,43,0.0,0.16,999.0,42.61,122748,Critical,Store - Indiranagar
SKU-0497,Kalamkari Palazzo (Georgette),Palazzo,Indigo,S,SUP-006,2024-08-03,363,801,438,40,15,25,0.625,0.375,2024-09-24,68,120,0.0,0.88,999.0,42.5,10950,Critical,Store - MG Road
SKU-0128,Dabu print Saree (Cotton),Saree,Ochre,M,SUP-008,2024-10-18,1808,2803,995,70,3,67,0.957,0.043,2024-10-18,44,44,0.0,0.48,999.0,42.11,66665,Critical,Online - Instagram
SKU-0326,Ajrakh Dupatta (Rayon),Dupatta,Sage green,S,SUP-009,2024-06-10,247,745,498,100,42,58,0.58,0.42,2024-09-20,72,174,0.0,1.69,999.0,41.76,28884,Critical,Store - MG Road
SKU-0182,Bagru print Saree (Mul mul),Saree,Ivory,M,SUP-009,2024-06-24,2112,3485,1373,42,15,27,0.643,0.357,2024-09-28,64,160,0.0,0.66,999.0,41.15,37071,Critical,Store - Koramangala
SKU-0145,Ikat Saree (Rayon),Saree,Mauve,XXL,SUP-009,2024-07-01,1506,5390,3884,127,34,93,0.732,0.268,2024-10-07,55,153,0.0,1.56,999.0,40.26,361212,Critical,Online - Instagram
SKU-0374,Mirror work Dress (Cotton),Dress,Charcoal,L,SUP-003,2024-09-28,726,2009,1283,113,9,104,0.92,0.08,2024-10-19,43,64,0.0,0.98,999.0,39.56,133432,Warning,Online - Instagram
SKU-0098,Block print Kurta (Chanderi),Kurta,Sage green,XS,SUP-008,2024-08-03,405,1299,894,142,41,101,0.711,0.289,2024-10-07,55,120,0.0,2.39,999.0,39.1,90294,Critical,Store - Indiranagar
SKU-0151,Shibori Saree (Rayon),Saree,Teal,S,SUP-001,2024-08-12,1445,6463,5018,55,17,38,0.691,0.309,2024-10-06,56,111,0.0,1.07,999.0,38.7,190684,Critical,Store - Indiranagar
SKU-0495,Shibori Palazzo (Georgette),Palazzo,Ivory,L,SUP-001,2024-07-07,272,1058,786,83,39,44,0.53,0.47,2024-09-19,73,147,0.0,1.86,999.0,38.69,34584,Critical,Store - Koramangala
SKU-0227,Shibori Coord Set (Georgette),Coord Set,Blush pink,M,SUP-002,2024-09-29,625,1616,991,52,3,49,0.942,0.058,2024-10-22,40,63,0.0,0.33,999.0,37.68,48559,Warning,Store - MG Road
SKU-0466,Mirror work Palazzo (Cotton),Palazzo,Teal,S,SUP-007,2024-07-18,295,972,677,86,37,49,0.57,0.43,2024-09-26,66,136,0.0,1.9,999.0,37.62,33173,Critical,Store - MG Road
SKU-0388,Mirror work Dress (Rayon),Dress,Teal,M,SUP-003,2024-08-01,724,1773,1049,71,22,49,0.69,0.31,2024-10-08,54,122,0.0,1.26,999.0,37.26,51401,Critical,Online - Nykaa
SKU-0257,Ajrakh Coord Set (Mul mul),Coord Set,Mauve,L,SUP-005,2024-09-19,695,1960,1265,37,5,32,0.865,0.135,2024-10-19,43,73,0.0,0.48,999.0,37.2,40480,Warning,Store - Indiranagar
SKU-0438,Dabu print Dress (Linen),Dress,Rust,XXL,SUP-006,2024-09-01,505,1545,1040,122,14,108,0.885,0.115,2024-10-20,42,91,0.0,1.08,999.0,37.17,112320,Warning,Online - Instagram
SKU-0256,Ikat Coord Set (Silk blend),Coord Set,Charcoal,XS,SUP-006,2024-08-13,535,2143,1608,70,11,59,0.843,0.157,2024-10-18,44,110,0.0,0.7,999.0,37.09,94872,Warning,Online - Nykaa
SKU-0093,Bandhani Kurta (Georgette),Kurta,Charcoal,M,SUP-006,2024-07-15,402,1399,997,45,13,32,0.711,0.289,2024-10-10,52,139,0.0,0.65,999.0,36.97,31904,Critical,Online - Nykaa
SKU-0314,Shibori Dupatta (Mul mul),Dupatta,Terracotta,S,SUP-003,2024-09-10,209,749,540,106,6,100,0.943,0.057,2024-10-23,39,82,0.0,0.51,999.0,36.78,54000,Warning,Online - Instagram
SKU-0195,Ajrakh Saree (Rayon),Saree,Rust,XS,SUP-009,2024-06-05,1369,6163,4794,53,32,21,0.396,0.604,2024-09-01,91,179,0.0,1.25,999.0,36.04,100674,Critical,Online - Nykaa
SKU-0095,Kalamkari Kurta (Rayon),Kurta,Indigo,L,SUP-010,2024-06-24,471,1000,529,90,39,51,0.567,0.433,2024-10-02,60,160,0.0,1.71,999.0,34.02,26979,Critical,Online - Nykaa
SKU-0005,Chikankari Kurta (Chanderi),Kurta,Sage green,XS,SUP-002,2024-09-06,484,970,486,38,15,23,0.605,0.395,2024-10-07,55,86,0.0,1.22,999.0,33.28,11178,Critical,Store - MG Road
SKU-0101,Ajrakh Kurta (Chanderi),Kurta,Ochre,M,SUP-003,2024-08-03,460,1699,1239,44,15,29,0.659,0.341,2024-10-12,50,120,0.0,0.88,999.0,32.95,35931,Critical,Online - Nykaa
SKU-0269,Ajrakh Coord Set (Linen),Coord Set,Sage green,S,SUP-010,2024-06-08,846,1529,683,54,35,19,0.352,0.648,2024-08-30,93,176,0.0,1.39,999.0,32.74,12977,Critical,Store - MG Road
SKU-0393,Mirror work Dress (Silk blend),Dress,Teal,L,SUP-005,2024-06-22,686,1345,659,110,60,50,0.455,0.545,2024-09-21,71,162,0.0,2.59,999.0,32.3,32950,Critical,Online - Instagram
SKU-0481,Bandhani Palazzo (Chanderi),Palazzo,Indigo,XS,SUP-003,2024-09-08,281,1023,742,109,21,88,0.807,0.193,2024-10-22,40,84,0.0,1.75,999.0,32.28,65296,Warning,Online - Nykaa
SKU-0385,Kalamkari Dress (Linen),Dress,Terracotta,XL,SUP-010,2024-09-20,725,1361,636,66,9,57,0.864,0.136,2024-10-26,36,72,0.0,0.87,999.0,31.1,36252,Warning,Online - Nykaa
SKU-0159,Block print Saree (Georgette),Saree,Blush pink,M,SUP-008,2024-09-24,1840,5840,4000,124,11,113,0.911,0.089,2024-10-28,34,68,0.0,1.13,999.0,30.97,452000,Warning,Store - Koramangala
SKU-0123,Ikat Saree (Rayon),Saree,Blush pink,L,SUP-008,2024-06-30,1941,5053,3112,44,21,23,0.523,0.477,2024-10-03,59,154,0.0,0.95,999.0,30.86,71576,Critical,Store - MG Road
SKU-0164,Bandhani Saree (Mul mul),Saree,Indigo,M,SUP-005,2024-06-19,2096,3382,1286,72,33,39,0.542,0.458,2024-10-06,56,165,0.0,1.4,999.0,30.35,50154,Critical,Store - MG Road
SKU-0091,Bandhani Kurta (Cotton),Kurta,Mauve,XL,SUP-004,2024-08-04,379,1708,1329,39,23,16,0.41,0.59,2024-09-18,74,119,0.0,1.35,999.0,30.34,21264,Critical,Store - Koramangala
SKU-0277,Kalamkari Coord Set (Mul mul),Coord Set,Rust,M,SUP-006,2024-09-16,623,1821,1198,43,8,35,0.814,0.186,2024-10-25,37,76,0.0,0.74,999.0,30.12,41930,Warning,Online - Nykaa
SKU-0177,Kalamkari Saree (Chanderi),Saree,Charcoal,M,SUP-009,2024-09-11,1912,4576,2664,96,22,74,0.771,0.229,2024-10-23,39,81,0.0,1.9,999.0,30.07,197136,Warning,Store - Indiranagar
SKU-0377,Chikankari Dress (Cotton),Dress,Ochre,L,SUP-005,2024-06-18,468,1322,854,83,50,33,0.398,0.602,2024-09-17,75,166,0.0,2.11,999.0,29.85,28182,Critical,Online - Instagram
SKU-0324,Shibori Dupatta (Rayon),Dupatta,Terracotta,XL,SUP-002,2024-06-29,239,733,494,98,47,51,0.52,0.48,2024-10-05,57,155,0.0,2.12,999.0,29.64,25194,Critical,Online - Nykaa
SKU-0044,Ajrakh Kurta (Chanderi),Kurta,Teal,XXL,SUP-003,2024-06-28,491,1420,929,54,35,19,0.352,0.648,2024-09-08,84,156,0.0,1.57,999.0,29.57,17651,Critical,Store - Koramangala
SKU-0058,Ajrakh Kurta (Rayon),Kurta,Rust,S,SUP-003,2024-09-05,414,1366,952,116,26,90,0.776,0.224,2024-10-24,38,87,0.0,2.09,999.0,29.49,85680,Warning,Online - Instagram
SKU-0183,Kalamkari Saree (Chanderi),Saree,Sage green,M,SUP-006,2024-08-21,1162,4804,3642,89,31,58,0.652,0.348,2024-10-17,45,102,0.0,2.13,999.0,29.34,211236,Warning,Online - Nykaa
SKU-0431,Shibori Dress (Rayon),Dress,Indigo,S,SUP-007,2024-06-14,551,1715,1164,73,41,32,0.438,0.562,2024-09-26,66,170,0.0,1.69,999.0,28.91,37248,Critical,Store - MG Road
SKU-0171,Dabu print Saree (Rayon),Saree,Mauve,M,SUP-006,2024-07-01,1384,3163,1779,68,37,31,0.456,0.544,2024-09-29,63,153,0.0,1.69,999.0,28.73,55149,Critical,Store - Koramangala
SKU-0412,Shibori Dress (Mul mul),Dress,Ivory,XS,SUP-001,2024-07-14,667,1453,786,122,74,48,0.393,0.607,2024-09-19,73,140,0.0,3.7,999.0,28.69,37728,Critical,Store - Koramangala
SKU-0062,Chikankari Kurta (Linen),Kurta,Mauve,L,SUP-001,2024-06-19,385,1045,660,84,47,37,0.44,0.56,2024-09-27,65,165,0.0,1.99,999.0,28.6,24420,Critical,Store - Koramangala
SKU-0057,Block print Kurta (Cotton),Kurta,Rust,M,SUP-005,2024-07-17,527,1624,1097,41,23,18,0.439,0.561,2024-09-27,65,137,0.0,1.18,999.0,28.54,19746,Critical,Store - MG Road
SKU-0317,Kalamkari Dupatta (Mul mul),Dupatta,Ochre,S,SUP-004,2024-09-05,168,754,586,132,13,119,0.902,0.098,2024-10-31,31,87,0.0,1.05,999.0,27.96,69734,Warning,Online - Instagram
SKU-0025,Mirror work Kurta (Rayon),Kurta,Sage green,S,SUP-006,2024-06-26,533,1072,539,115,64,51,0.443,0.557,2024-09-29,63,158,0.0,2.84,999.0,27.91,27489,Critical,Online - Instagram
SKU-0280,Kalamkari Coord Set (Rayon),Coord Set,Sage green,XS,SUP-003,2024-08-28,741,1892,1151,142,35,107,0.754,0.246,2024-10-25,37,95,0.0,2.58,999.0,27.9,123157,Warning,Online - Website
SKU-0142,Ikat Saree (Mul mul),Saree,Mauve,XXL,SUP-005,2024-07-21,1911,3511,1600,43,24,19,0.442,0.558,2024-09-29,63,133,0.0,1.26,999.0,27.85,30400,Critical,Online - Nykaa
SKU-0390,Ajrakh Dress (Silk blend),Dress,Sage green,M,SUP-001,2024-06-30,511,1582,1071,128,17,111,0.867,0.133,2024-10-30,32,154,0.0,0.77,999.0,27.74,118881,Warning,Store - Koramangala
SKU-0261,Bagru print Coord Set (Mul mul),Coord Set,Rust,XXL,SUP-007,2024-06-26,899,2435,1536,121,81,40,0.331,0.669,2024-09-10,82,158,0.0,3.59,999.0,27.14,61440,Critical,Store - MG Road
SKU-0048,Ajrakh Kurta (Mul mul),Kurta,Terracotta,XXL,SUP-003,2024-09-27,396,1772,1376,46,14,32,0.696,0.304,2024-10-23,39,65,0.0,1.51,999.0,27.14,44032,Warning,Store - MG Road
SKU-0284,Block print Coord Set (Chanderi),Coord Set,Indigo,S,SUP-008,2024-10-01,629,1971,1342,50,9,41,0.82,0.18,2024-10-29,33,61,0.0,1.03,999.0,27.06,55022,Warning,Store - Koramangala
SKU-0282,Bagru print Coord Set (Silk blend),Coord Set,Charcoal,XL,SUP-004,2024-08-28,551,2023,1472,58,31,27,0.466,0.534,2024-10-04,58,95,0.0,2.28,999.0,27.03,39744,Critical,Store - Koramangala
SKU-0173,Dabu print Saree (Silk blend),Saree,Indigo,XS,SUP-010,2024-07-31,2133,3084,951,70,43,27,0.386,0.614,2024-09-22,70,123,0.0,2.45,999.0,27.02,25677,Critical,Online - Website
SKU-0041,Dabu print Kurta (Cotton),Kurta,Blush pink,XS,SUP-009,2024-07-11,476,1104,628,72,48,24,0.333,0.667,2024-09-11,81,143,0.0,2.35,999.0,26.97,15072,Critical,Store - Indiranagar
SKU-0224,Ajrakh Coord Set (Linen),Coord Set,Indigo,XS,SUP-005,2024-06-23,750,2356,1606,49,33,16,0.327,0.673,2024-09-10,82,161,0.0,1.43,999.0,26.81,25696,Critical,Online - Instagram
SKU-0400,Kalamkari Dress (Mul mul),Dress,Indigo,XS,SUP-008,2024-10-07,742,2005,1263,64,7,57,0.891,0.109,2024-11-01,30,55,0.0,0.89,999.0,26.73,71991,Warning,Store - Indiranagar
SKU-0276,Chikankari Coord Set (Mul mul),Coord Set,Sage green,XL,SUP-004,2024-08-09,759,2184,1425,65,38,27,0.415,0.585,2024-09-28,64,114,0.0,2.33,999.0,26.56,38475,Critical,Store - MG Road
SKU-0073,Bagru print Kurta (Rayon),Kurta,Charcoal,XS,SUP-003,2024-06-23,475,1007,532,106,64,42,0.396,0.604,2024-09-25,67,161,0.0,2.78,999.0,26.53,22344,Critical,Store - Indiranagar
SKU-0218,Bagru print Coord Set (Georgette),Coord Set,Charcoal,L,SUP-002,2024-09-19,540,1717,1177,132,23,109,0.826,0.174,2024-10-30,32,73,0.0,2.21,999.0,26.43,128293,Warning,Store - MG Road
SKU-0061,Kalamkari Kurta (Cotton),Kurta,Blush pink,M,SUP-001,2024-07-03,598,1625,1027,128,57,71,0.555,0.445,2024-10-15,47,151,0.0,2.64,999.0,26.08,72917,Warning,Online - Instagram
SKU-0428,Kalamkari Dress (Linen),Dress,Teal,XL,SUP-009,2024-06-09,594,1844,1250,62,45,17,0.274,0.726,2024-08-28,95,175,0.0,1.8,999.0,26.03,21250,Critical,Store - Koramangala
SKU-0260,Shibori Coord Set (Georgette),Coord Set,Terracotta,XXL,SUP-009,2024-09-02,649,1852,1203,84,28,56,0.667,0.333,2024-10-23,39,90,0.0,2.18,999.0,26.01,67368,Warning,Store - Indiranagar
SKU-0231,Shibori Coord Set (Linen),Coord Set,Sage green,XS,SUP-001,2024-09-07,731,1987,1256,48,21,27,0.562,0.438,2024-10-16,46,85,0.0,1.73,999.0,25.85,33912,Warning,Online - Instagram
SKU-0077,Chikankari Kurta (Cotton),Kurta,Terracotta,XXL,SUP-008,2024-06-27,403,1208,805,57,39,18,0.316,0.684,2024-09-11,81,157,0.0,1.74,999.0,25.6,14490,Critical,Store - Koramangala
SKU-0105,Dabu print Kurta (Cotton),Kurta,Mauve,XXL,SUP-004,2024-08-27,613,1318,705,55,19,36,0.655,0.345,2024-10-23,39,96,0.0,1.39,999.0,25.54,25380,Warning,Store - MG Road
SKU-0408,Kalamkari Dress (Silk blend),Dress,Mauve,M,SUP-009,2024-11-05,577,1536,959,54,1,53,0.981,0.019,2024-11-05,26,26,1.0,0.27,212.0,25.51,50827,Warning,Store - MG Road
SKU-0341,Block print Dupatta (Mul mul),Dupatta,Charcoal,L,SUP-002,2024-07-10,188,374,186,55,38,17,0.309,0.691,2024-09-10,82,144,0.0,1.85,999.0,25.34,3162,Critical,Online - Nykaa
SKU-0294,Dabu print Coord Set (Cotton),Coord Set,Indigo,XXL,SUP-004,2024-09-20,682,1887,1205,59,18,41,0.695,0.305,2024-10-26,36,72,0.0,1.75,999.0,25.02,49405,Warning,Online - Instagram
SKU-0293,Ajrakh Coord Set (Silk blend),Coord Set,Terracotta,XS,SUP-008,2024-08-15,680,1559,879,47,28,19,0.404,0.596,2024-10-01,61,108,0.0,1.81,999.0,24.64,16701,Critical,Store - Indiranagar
SKU-0297,Chikankari Coord Set (Mul mul),Coord Set,Ochre,XXL,SUP-009,2024-07-06,801,2783,1982,51,33,18,0.353,0.647,2024-09-23,69,148,0.0,1.56,999.0,24.36,35676,Critical,Online - Website
SKU-0302,Shibori Dupatta (Chanderi),Dupatta,Mauve,XXL,SUP-007,2024-08-12,183,711,528,120,67,53,0.442,0.558,2024-10-07,55,111,0.0,4.23,999.0,24.31,27984,Critical,Online - Instagram
SKU-0197,Ikat Saree (Georgette),Saree,Rust,XL,SUP-005,2024-09-29,1390,3250,1860,53,14,39,0.736,0.264,2024-10-29,33,63,0.0,1.56,999.0,24.29,72540,Warning,Store - Koramangala
SKU-0407,Chikankari Dress (Rayon),Dress,Teal,XS,SUP-001,2024-07-23,539,2150,1611,134,84,50,0.373,0.627,2024-09-27,65,131,0.0,4.49,999.0,24.24,80550,Critical,Online - Nykaa
SKU-0013,Bagru print Kurta (Rayon),Kurta,Rust,L,SUP-008,2024-06-20,397,1452,1055,115,65,50,0.435,0.565,2024-10-07,55,164,0.0,2.77,999.0,23.92,52750,Critical,Store - Indiranagar
SKU-0387,Ikat Dress (Cotton),Dress,Ochre,L,SUP-005,2024-09-20,704,1176,472,66,21,45,0.682,0.318,2024-10-27,35,72,0.0,2.04,999.0,23.87,21240,Warning,Online - Website
SKU-0345,Ajrakh Dupatta (Chanderi),Dupatta,Charcoal,XXL,SUP-001,2024-09-28,153,390,237,98,25,73,0.745,0.255,2024-10-30,32,64,0.0,2.73,999.0,23.84,17301,Warning,Store - MG Road
SKU-0478,Mirror work Palazzo (Georgette),Palazzo,Teal,XXL,SUP-007,2024-08-26,232,690,458,48,27,21,0.438,0.562,2024-10-08,54,97,0.0,1.95,999.0,23.65,9618,Critical,Store - Koramangala
SKU-0137,Bandhani Saree (Georgette),Saree,Indigo,S,SUP-006,2024-09-01,817,2968,2151,121,19,102,0.843,0.157,2024-11-03,28,91,1.0,1.46,408.0,23.6,219402,Warning,Online - Website
SKU-0208,Bandhani Coord Set (Georgette),Coord Set,Charcoal,L,SUP-010,2024-07-14,521,1809,1288,43,20,23,0.535,0.465,2024-10-18,44,140,0.0,1.0,999.0,23.54,29624,Warning,Store - Indiranagar
SKU-0266,Mirror work Coord Set (Silk blend),Coord Set,Ochre,L,SUP-005,2024-06-08,810,1661,851,145,81,64,0.441,0.559,2024-10-09,53,176,0.0,3.22,999.0,23.37,54464,Critical,Store - MG Road
SKU-0049,Dabu print Kurta (Georgette),Kurta,Terracotta,XL,SUP-010,2024-10-30,469,1780,1311,146,4,142,0.973,0.027,2024-11-07,24,32,1.0,0.88,568.0,23.35,186162,Warning,Store - Indiranagar
SKU-0064,Bandhani Kurta (Cotton),Kurta,Sage green,L,SUP-009,2024-06-30,566,1291,725,48,35,13,0.271,0.729,2024-09-06,86,154,0.0,1.59,999.0,23.31,9425,Critical,Store - Indiranagar
SKU-0434,Bandhani Dress (Silk blend),Dress,Mauve,L,SUP-001,2024-07-03,445,2148,1703,78,48,30,0.385,0.615,2024-10-02,60,151,0.0,2.23,999.0,23.1,51090,Critical,Store - MG Road
SKU-0190,Ajrakh Saree (Chanderi),Saree,Sage green,M,SUP-003,2024-07-21,1504,2221,717,81,49,32,0.395,0.605,2024-10-04,58,133,0.0,2.58,999.0,22.91,22944,Critical,Store - MG Road
SKU-0016,Chikankari Kurta (Rayon),Kurta,Sage green,XL,SUP-007,2024-06-20,571,1434,863,88,62,26,0.295,0.705,2024-09-15,77,164,0.0,2.65,999.0,22.72,22438,Critical,Online - Nykaa
SKU-0188,Kalamkari Saree (Rayon),Saree,Ochre,L,SUP-004,2024-06-15,1793,6102,4309,125,92,33,0.264,0.736,2024-09-06,86,169,0.0,3.81,999.0,22.7,142197,Critical,Store - Koramangala
SKU-0099,Bagru print Kurta (Linen),Kurta,Terracotta,L,SUP-007,2024-10-02,602,1641,1039,107,21,86,0.804,0.196,2024-11-03,28,60,3.0,2.45,114.7,22.51,89354,Warning,Store - MG Road
SKU-0146,Bagru print Saree (Cotton),Saree,Terracotta,XXL,SUP-008,2024-08-24,1876,5777,3901,88,52,36,0.409,0.591,2024-10-07,55,99,0.0,3.68,999.0,22.49,140436,Critical,Online - Nykaa
SKU-0367,Kalamkari Dupatta (Cotton),Dupatta,Terracotta,M,SUP-006,2024-08-25,209,644,435,134,23,111,0.828,0.172,2024-11-04,27,98,3.0,1.64,148.0,22.36,48285,Warning,Store - Koramangala
SKU-0334,Ikat Dupatta (Silk blend),Dupatta,Ochre,L,SUP-007,2024-10-07,163,446,283,118,6,112,0.949,0.051,2024-11-08,23,55,2.0,0.76,224.0,21.83,31696,Warning,Store - Indiranagar
SKU-0403,Kalamkari Dress (Mul mul),Dress,Charcoal,XS,SUP-004,2024-07-05,456,1240,784,64,44,20,0.312,0.688,2024-09-23,69,149,0.0,2.07,999.0,21.53,15680,Critical,Online - Instagram
SKU-0168,Kalamkari Saree (Mul mul),Saree,Charcoal,L,SUP-009,2024-09-17,828,4232,3404,39,18,21,0.538,0.462,2024-10-22,40,75,0.0,1.68,999.0,21.52,71484,Warning,Online - Nykaa
SKU-0039,Chikankari Kurta (Cotton),Kurta,Rust,S,SUP-009,2024-06-11,540,1202,662,135,85,50,0.37,0.63,2024-10-05,57,173,0.0,3.44,999.0,21.09,33100,Critical,Store - Indiranagar
SKU-0114,Kalamkari Kurta (Cotton),Kurta,Ivory,XS,SUP-008,2024-09-16,433,1270,837,67,27,40,0.597,0.403,2024-10-27,35,76,0.0,2.49,999.0,20.9,33480,Warning,Store - MG Road
SKU-0010,Shibori Kurta (Rayon),Kurta,Ivory,XS,SUP-007,2024-07-17,566,1713,1147,38,27,11,0.289,0.711,2024-09-21,71,137,0.0,1.38,999.0,20.52,12617,Critical,Store - MG Road
SKU-0207,Chikankari Coord Set (Silk blend),Coord Set,Sage green,L,SUP-006,2024-08-26,763,2741,1978,87,54,33,0.379,0.621,2024-10-08,54,97,0.0,3.9,999.0,20.47,65274,Critical,Store - Indiranagar
SKU-0068,Dabu print Kurta (Mul mul),Kurta,Ivory,XL,SUP-006,2024-09-05,425,958,533,36,13,23,0.639,0.361,2024-10-30,32,87,0.0,1.05,999.0,20.45,12259,Warning,Store - MG Road
SKU-0394,Dabu print Dress (Mul mul),Dress,Ochre,XS,SUP-003,2024-10-03,603,2143,1540,48,12,36,0.75,0.25,2024-11-04,27,59,1.0,1.42,144.0,20.25,55440,Warning,Store - Indiranagar
SKU-0288,Ikat Coord Set (Georgette),Coord Set,Rust,M,SUP-003,2024-07-02,865,2651,1786,136,87,49,0.36,0.64,2024-10-06,56,152,0.0,4.01,999.0,20.16,87514,Critical,Online - Instagram
SKU-0331,Chikankari Dupatta (Rayon),Dupatta,Sage green,S,SUP-004,2024-10-17,182,398,216,139,6,133,0.957,0.043,2024-11-10,21,45,1.0,0.93,532.0,20.1,28728,Warning,Online - Nykaa
SKU-0381,Bandhani Dress (Rayon),Dress,Terracotta,L,SUP-002,2024-06-23,740,1658,918,121,75,46,0.38,0.62,2024-10-10,52,161,0.0,3.26,999.0,19.76,42228,Critical,Online - Website
SKU-0259,Block print Coord Set (Silk blend),Coord Set,Indigo,XXL,SUP-004,2024-08-08,671,2169,1498,37,24,13,0.351,0.649,2024-10-06,56,115,0.0,1.46,999.0,19.66,19474,Critical,Store - Koramangala
SKU-0241,Kalamkari Coord Set (Mul mul),Coord Set,Charcoal,L,SUP-003,2024-08-30,606,2414,1808,44,19,25,0.568,0.432,2024-10-28,34,93,0.0,1.43,999.0,19.31,45200,Warning,Store - Indiranagar
SKU-0283,Block print Coord Set (Cotton),Coord Set,Ivory,XS,SUP-009,2024-10-07,541,1420,879,30,6,24,0.8,0.2,2024-11-07,24,55,1.0,0.76,96.0,19.2,21096,Healthy,Online - Nykaa
SKU-0027,Bandhani Kurta (Georgette),Kurta,Rust,L,SUP-007,2024-08-20,601,1352,751,81,31,50,0.617,0.383,2024-10-31,31,103,0.0,2.11,999.0,19.13,37550,Warning,Store - Indiranagar
SKU-0140,Shibori Saree (Georgette),Saree,Rust,M,SUP-008,2024-09-14,2172,5279,3107,83,29,54,0.651,0.349,2024-11-02,29,78,0.0,2.6,999.0,18.88,167778,Warning,Store - Indiranagar
SKU-0029,Dabu print Kurta (Cotton),Kurta,Sage green,L,SUP-001,2024-11-11,647,1560,913,31,2,29,0.935,0.065,2024-11-11,20,20,2.0,0.7,58.0,18.7,26477,Healthy,Online - Nykaa
SKU-0139,Ajrakh Saree (Mul mul),Saree,Ivory,L,SUP-002,2024-07-31,854,3681,2827,36,26,10,0.278,0.722,2024-09-25,67,123,0.0,1.48,999.0,18.63,28270,Critical,Store - Koramangala
SKU-0494,Dabu print Palazzo (Linen),Palazzo,Ivory,M,SUP-008,2024-07-10,262,1053,791,80,47,33,0.412,0.588,2024-10-17,45,144,0.0,2.28,999.0,18.54,26103,Warning,Online - Website
SKU-0056,Ikat Kurta (Georgette),Kurta,Indigo,XS,SUP-004,2024-09-10,445,1718,1273,53,30,23,0.434,0.566,2024-10-21,41,82,0.0,2.56,999.0,17.79,29279,Warning,Online - Nykaa
SKU-0271,Shibori Coord Set (Rayon),Coord Set,Mauve,S,SUP-008,2024-07-07,880,2298,1418,50,35,15,0.3,0.7,2024-10-03,59,147,0.0,1.67,999.0,17.7,21270,Critical,Online - Nykaa
SKU-0482,Dabu print Palazzo (Silk blend),Palazzo,Teal,M,SUP-006,2024-10-27,201,715,514,49,8,41,0.837,0.163,2024-11-10,21,35,4.0,1.6,41.0,17.58,21074,Healthy,Store - MG Road
SKU-0376,Chikankari Dress (Rayon),Dress,Terracotta,XL,SUP-005,2024-09-14,687,1518,831,91,31,60,0.659,0.341,2024-11-05,26,78,2.0,2.78,120.0,17.13,49860,Warning,Store - MG Road
SKU-0418,Bandhani Dress (Silk blend),Dress,Mauve,S,SUP-001,2024-08-26,620,1632,1012,130,20,110,0.846,0.154,2024-11-11,20,97,3.0,1.44,146.7,16.92,111320,Healthy,Store - Koramangala
SKU-0263,Ajrakh Coord Set (Georgette),Coord Set,Ivory,XL,SUP-006,2024-06-21,648,2507,1859,145,105,40,0.276,0.724,2024-10-01,61,163,0.0,4.51,999.0,16.84,74360,Critical,Online - Instagram
SKU-0020,Shibori Kurta (Linen),Kurta,Mauve,XS,SUP-003,2024-06-16,547,1405,858,135,99,36,0.267,0.733,2024-09-29,63,168,0.0,4.12,999.0,16.82,30888,Critical,Online - Instagram
SKU-0201,Shibori Coord Set (Cotton),Coord Set,Ochre,XS,SUP-008,2024-10-17,594,1565,971,40,12,28,0.7,0.3,2024-11-07,24,45,2.0,1.87,56.0,16.8,27188,Healthy,Store - MG Road
SKU-0469,Ikat Palazzo (Chanderi),Palazzo,Ivory,M,SUP-004,2024-08-14,299,1093,794,64,43,21,0.328,0.672,2024-10-11,51,109,0.0,2.76,999.0,16.73,16674,Critical,Store - Koramangala
SKU-0192,Block print Saree (Silk blend),Saree,Charcoal,XL,SUP-004,2024-11-14,1537,5556,4019,61,1,60,0.984,0.016,2024-11-14,17,17,1.0,0.41,240.0,16.73,241140,Healthy,Store - Indiranagar
SKU-0457,Chikankari Palazzo (Rayon),Palazzo,Mauve,XXL,SUP-005,2024-07-25,203,839,636,91,54,37,0.407,0.593,2024-10-21,41,129,0.0,2.93,999.0,16.69,23532,Warning,Online - Website
SKU-0486,Mirror work Palazzo (Silk blend),Palazzo,Mauve,M,SUP-008,2024-09-20,252,628,376,51,20,31,0.608,0.392,2024-11-04,27,72,1.0,1.94,124.0,16.42,11656,Warning,Store - MG Road
SKU-0322,Dabu print Dupatta (Silk blend),Dupatta,Charcoal,XL,SUP-004,2024-08-28,226,433,207,79,33,46,0.582,0.418,2024-11-03,28,95,2.0,2.43,92.0,16.3,9522,Warning,Store - Indiranagar
SKU-0378,Chikankari Dress (Cotton),Dress,Mauve,XXL,SUP-010,2024-08-11,526,1519,993,59,35,24,0.407,0.593,2024-10-22,40,112,0.0,2.19,999.0,16.28,23832,Warning,Online - Instagram
SKU-0278,Chikankari Coord Set (Chanderi),Coord Set,Mauve,XXL,SUP-006,2024-07-08,728,1997,1269,108,64,44,0.407,0.593,2024-10-22,40,146,0.0,3.07,999.0,16.28,55836,Warning,Store - Koramangala
SKU-0032,Mirror work Kurta (Mul mul),Kurta,Rust,XXL,SUP-009,2024-06-07,424,1574,1150,128,105,23,0.18,0.82,2024-09-02,90,177,0.0,4.15,999.0,16.2,26450,Critical,Store - MG Road
SKU-0422,Mirror work Dress (Mul mul),Dress,Mauve,L,SUP-008,2024-11-15,682,1373,691,83,1,82,0.988,0.012,2024-11-15,16,16,1.0,0.44,328.0,15.81,56662,Healthy,Store - Indiranagar
SKU-0456,Bagru print Palazzo (Georgette),Palazzo,Sage green,S,SUP-008,2024-10-25,364,916,552,53,4,49,0.925,0.075,2024-11-14,17,37,3.0,0.76,65.3,15.73,27048,Healthy,Store - Indiranagar
SKU-0272,Ikat Coord Set (Chanderi),Coord Set,Ochre,XL,SUP-002,2024-09-11,524,2502,1978,89,31,58,0.652,0.348,2024-11-07,24,81,5.0,2.68,46.4,15.65,114724,Healthy,Store - MG Road
SKU-0043,Shibori Kurta (Mul mul),Kurta,Sage green,XS,SUP-008,2024-07-06,362,1777,1415,139,95,44,0.317,0.683,2024-10-13,49,148,0.0,4.49,999.0,15.53,62260,Warning,Store - Indiranagar
SKU-0356,Shibori Dupatta (Mul mul),Dupatta,Sage green,L,SUP-008,2024-09-01,172,576,404,31,21,10,0.323,0.677,2024-10-14,48,91,0.0,1.62,999.0,15.5,4040,Warning,Online - Website
SKU-0144,Ajrakh Saree (Cotton),Saree,Mauve,L,SUP-010,2024-08-28,1714,3508,1794,31,21,10,0.323,0.677,2024-10-14,48,95,0.0,1.55,999.0,15.5,17940,Warning,Store - Indiranagar
SKU-0134,Dabu print Saree (Mul mul),Saree,Indigo,XL,SUP-001,2024-06-21,1984,6358,4374,100,73,27,0.27,0.73,2024-10-05,57,163,0.0,3.13,999.0,15.39,118098,Critical,Store - Koramangala
SKU-0323,Ajrakh Dupatta (Silk blend),Dupatta,Sage green,XL,SUP-010,2024-07-14,126,419,293,55,40,15,0.273,0.727,2024-10-06,56,140,0.0,2.0,999.0,15.29,4395,Critical,Online - Instagram
SKU-0467,Mirror work Palazzo (Linen),Palazzo,Sage green,L,SUP-005,2024-09-06,280,967,687,32,23,9,0.281,0.719,2024-10-08,54,86,0.0,1.87,999.0,15.17,6183,Critical,Store - Indiranagar
SKU-0307,Kalamkari Dupatta (Chanderi),Dupatta,Ochre,XXL,SUP-004,2024-08-07,173,837,664,89,62,27,0.303,0.697,2024-10-12,50,116,0.0,3.74,999.0,15.15,17928,Critical,Online - Nykaa
SKU-0054,Chikankari Kurta (Mul mul),Kurta,Ivory,XXL,SUP-005,2024-08-25,553,1167,614,52,36,16,0.308,0.692,2024-10-13,49,98,0.0,2.57,999.0,15.09,9824,Warning,Store - Indiranagar
SKU-0026,Shibori Kurta (Mul mul),Kurta,Ochre,XL,SUP-003,2024-08-13,589,1093,504,49,33,16,0.327,0.673,2024-10-16,46,110,0.0,2.1,999.0,15.04,8064,Warning,Store - Indiranagar
SKU-0361,Bandhani Dupatta (Linen),Dupatta,Sage green,XS,SUP-003,2024-10-28,212,755,543,33,2,31,0.939,0.061,2024-11-15,16,34,1.0,0.41,124.0,15.02,16833,Healthy,Online - Instagram
SKU-0389,Kalamkari Dress (Mul mul),Dress,Teal,L,SUP-003,2024-08-25,528,1861,1333,30,21,9,0.3,0.7,2024-10-12,50,98,0.0,1.5,999.0,15.0,11997,Critical,Online - Nykaa
SKU-0254,Chikankari Coord Set (Cotton),Coord Set,Ivory,M,SUP-007,2024-07-16,541,2797,2256,53,40,13,0.245,0.755,2024-10-01,61,138,0.0,2.03,999.0,14.94,29328,Critical,Store - Indiranagar
SKU-0250,Ajrakh Coord Set (Silk blend),Coord Set,Sage green,S,SUP-001,2024-08-21,518,2483,1965,84,46,38,0.452,0.548,2024-10-29,33,102,0.0,3.16,999.0,14.92,74670,Warning,Store - MG Road
SKU-0289,Mirror work Coord Set (Chanderi),Coord Set,Ochre,L,SUP-001,2024-08-16,760,2172,1412,124,74,50,0.403,0.597,2024-10-25,37,107,0.0,4.84,999.0,14.91,70600,Warning,Store - Indiranagar
SKU-0165,Chikankari Saree (Georgette),Saree,Blush pink,XS,SUP-004,2024-08-02,1735,6478,4743,122,78,44,0.361,0.639,2024-10-21,41,121,0.0,4.51,999.0,14.8,208692,Warning,Online - Instagram
SKU-0320,Chikankari Dupatta (Silk blend),Dupatta,Teal,L,SUP-008,2024-08-24,225,763,538,39,26,13,0.333,0.667,2024-10-18,44,99,0.0,1.84,999.0,14.65,6994,Warning,Store - Indiranagar
SKU-0439,Block print Dress (Cotton),Dress,Indigo,M,SUP-006,2024-08-02,427,1592,1165,70,50,20,0.286,0.714,2024-10-11,51,121,0.0,2.89,999.0,14.59,23300,Critical,Online - Instagram
SKU-0205,Ajrakh Coord Set (Chanderi),Coord Set,Teal,L,SUP-001,2024-06-28,589,1521,932,133,102,31,0.233,0.767,2024-09-30,62,156,0.0,4.58,999.0,14.45,28892,Critical,Store - MG Road
SKU-0223,Block print Coord Set (Mul mul),Coord Set,Blush pink,L,SUP-006,2024-09-30,703,1564,861,137,21,116,0.847,0.153,2024-11-14,17,62,5.0,2.37,92.8,14.4,99876,Healthy,Online - Nykaa
SKU-0075,Kalamkari Kurta (Linen),Kurta,Mauve,M,SUP-005,2024-06-11,393,1634,1241,65,50,15,0.231,0.769,2024-10-01,61,173,0.0,2.02,999.0,14.09,18615,Critical,Online - Instagram
SKU-0052,Mirror work Kurta (Rayon),Kurta,Teal,M,SUP-010,2024-09-10,621,1138,517,45,30,15,0.333,0.667,2024-10-20,42,82,0.0,2.56,999.0,13.99,7755,Warning,Online - Website
SKU-0122,Ajrakh Saree (Chanderi),Saree,Mauve,M,SUP-010,2024-08-24,1750,4536,2786,126,43,83,0.659,0.341,2024-11-10,21,99,5.0,3.04,66.4,13.84,231238,Healthy,Online - Website
SKU-0425,Bandhani Dress (Georgette),Dress,Ochre,XS,SUP-006,2024-06-18,557,1774,1217,145,107,38,0.262,0.738,2024-10-10,52,166,0.0,4.51,999.0,13.62,46246,Critical,Online - Website
SKU-0103,Block print Kurta (Rayon),Kurta,Sage green,XS,SUP-004,2024-10-24,475,1761,1286,39,14,25,0.641,0.359,2024-11-10,21,38,6.0,2.58,16.7,13.46,32150,Healthy,Online - Website
SKU-0460,Shibori Palazzo (Rayon),Palazzo,Teal,S,SUP-002,2024-06-07,275,587,312,59,48,11,0.186,0.814,2024-09-21,71,177,0.0,1.9,999.0,13.21,3432,Critical,Online - Nykaa
SKU-0198,Shibori Saree (Linen),Saree,Teal,XS,SUP-004,2024-06-23,1177,5146,3969,129,106,23,0.178,0.822,2024-09-18,74,161,0.0,4.61,999.0,13.17,91287,Critical,Store - Koramangala
SKU-0348,Kalamkari Dupatta (Silk blend),Dupatta,Charcoal,XL,SUP-005,2024-10-11,272,652,380,75,17,58,0.773,0.227,2024-11-14,17,51,7.0,2.33,33.1,13.14,22040,Healthy,Online - Nykaa
SKU-0398,Block print Dress (Cotton),Dress,Ivory,M,SUP-006,2024-08-29,748,1215,467,96,56,40,0.417,0.583,2024-10-31,31,94,0.0,4.17,999.0,12.93,18680,Warning,Online - Instagram
SKU-0350,Ajrakh Dupatta (Linen),Dupatta,Ochre,XXL,SUP-004,2024-06-20,253,600,347,146,65,81,0.555,0.445,2024-11-08,23,164,5.0,2.77,64.8,12.76,28107,Healthy,Online - Instagram
SKU-0232,Kalamkari Coord Set (Cotton),Coord Set,Terracotta,XXL,SUP-002,2024-10-01,786,2476,1690,143,13,130,0.909,0.091,2024-11-17,14,61,4.0,1.49,130.0,12.73,219700,Healthy,Online - Website
SKU-0448,Kalamkari Dress (Linen),Dress,Rust,M,SUP-001,2024-06-23,742,2079,1337,132,104,28,0.212,0.788,2024-10-02,60,161,0.0,4.52,999.0,12.72,37436,Critical,Online - Instagram
SKU-0002,Bagru print Kurta (Silk blend),Kurta,Ochre,XL,SUP-002,2024-08-10,437,1322,885,117,77,40,0.342,0.658,2024-10-25,37,113,0.0,4.77,999.0,12.65,35400,Warning,Store - MG Road
SKU-0362,Ikat Dupatta (Linen),Dupatta,Rust,XXL,SUP-002,2024-08-18,174,804,630,117,71,46,0.393,0.607,2024-10-30,32,105,0.0,4.73,999.0,12.58,28980,Warning,Online - Nykaa
SKU-0069,Ajrakh Kurta (Silk blend),Kurta,Terracotta,S,SUP-005,2024-07-04,523,1602,1079,58,46,12,0.207,0.793,2024-10-03,59,150,0.0,2.15,999.0,12.21,12948,Critical,Store - Koramangala
SKU-0169,Ikat Saree (Rayon),Saree,Ivory,XXL,SUP-001,2024-08-07,1725,3120,1395,32,22,10,0.312,0.688,2024-10-23,39,116,0.0,1.33,999.0,12.17,13950,Warning,Online - Instagram
SKU-0275,Shibori Coord Set (Mul mul),Coord Set,Rust,L,SUP-001,2024-06-22,892,2522,1630,33,28,5,0.152,0.848,2024-09-12,80,162,0.0,1.21,999.0,12.16,8150,Critical,Online - Instagram
SKU-0086,Bagru print Kurta (Georgette),Kurta,Terracotta,S,SUP-002,2024-08-18,637,983,346,83,55,28,0.337,0.663,2024-10-26,36,105,0.0,3.67,999.0,12.13,9688,Warning,Store - MG Road
SKU-0309,Ikat Dupatta (Mul mul),Dupatta,Blush pink,XXL,SUP-008,2024-09-24,199,535,336,63,40,23,0.365,0.635,2024-10-29,33,68,0.0,4.12,999.0,12.04,7728,Warning,Store - Koramangala
SKU-0330,Chikankari Dupatta (Linen),Dupatta,Blush pink,XXL,SUP-010,2024-07-16,231,784,553,128,93,35,0.273,0.727,2024-10-19,43,138,0.0,4.72,999.0,11.74,19355,Warning,Online - Nykaa
SKU-0210,Chikankari Coord Set (Rayon),Coord Set,Teal,M,SUP-002,2024-07-05,737,2779,2042,99,72,27,0.273,0.727,2024-10-20,42,149,0.0,3.38,999.0,11.47,55134,Warning,Online - Nykaa
SKU-0074,Shibori Kurta (Cotton),Kurta,Ochre,XL,SUP-006,2024-07-28,539,1454,915,87,71,16,0.184,0.816,2024-09-30,62,126,0.0,3.94,999.0,11.41,14640,Critical,Store - MG Road
SKU-0160,Mirror work Saree (Cotton),Saree,Indigo,XS,SUP-010,2024-07-23,1460,5352,3892,134,58,76,0.567,0.433,2024-11-11,20,131,3.0,3.1,101.3,11.34,295792,Healthy,Store - Indiranagar
SKU-0458,Mirror work Palazzo (Rayon),Palazzo,Charcoal,S,SUP-008,2024-09-25,368,1058,690,36,24,12,0.333,0.667,2024-10-28,34,67,0.0,2.51,999.0,11.32,8280,Warning,Online - Website
SKU-0060,Kalamkari Kurta (Chanderi),Kurta,Blush pink,L,SUP-009,2024-09-21,454,1145,691,50,35,15,0.3,0.7,2024-10-25,37,71,0.0,3.45,999.0,11.1,10365,Warning,Online - Instagram
SKU-0338,Mirror work Dupatta (Cotton),Dupatta,Ivory,XL,SUP-005,2024-10-09,233,712,479,33,20,13,0.394,0.606,2024-11-03,28,53,2.0,2.64,26.0,11.03,6227,Warning,Online - Instagram
SKU-0465,Ikat Palazzo (Cotton),Palazzo,Charcoal,S,SUP-008,2024-09-28,264,740,476,44,27,17,0.386,0.614,2024-11-03,28,64,2.0,2.95,34.0,10.81,8092,Warning,Store - MG Road
SKU-0228,Ikat Coord Set (Chanderi),Coord Set,Terracotta,L,SUP-007,2024-07-13,793,1550,757,37,32,5,0.135,0.865,2024-09-13,79,141,0.0,1.59,999.0,10.66,3785,Critical,Online - Instagram
SKU-0196,Bagru print Saree (Mul mul),Saree,Charcoal,XS,SUP-005,2024-10-22,2094,4455,2361,37,20,17,0.459,0.541,2024-11-08,23,40,9.0,3.5,7.6,10.56,40137,Healthy,Online - Website
SKU-0110,Bagru print Kurta (Chanderi),Kurta,Rust,XL,SUP-005,2024-08-31,411,1390,979,99,54,45,0.455,0.545,2024-11-08,23,92,7.0,4.11,25.7,10.46,44055,Healthy,Store - Indiranagar
SKU-0036,Block print Kurta (Mul mul),Kurta,Ivory,XL,SUP-003,2024-10-28,376,1175,799,33,13,20,0.606,0.394,2024-11-14,17,34,7.0,2.68,11.4,10.3,15980,Healthy,Online - Nykaa
SKU-0221,Shibori Coord Set (Cotton),Coord Set,Mauve,L,SUP-008,2024-08-16,765,2243,1478,72,55,17,0.236,0.764,2024-10-19,43,107,0.0,3.6,999.0,10.15,25126,Warning,Store - MG Road
SKU-0450,Block print Dress (Chanderi),Dress,Terracotta,XL,SUP-004,2024-07-27,510,1423,913,145,84,61,0.421,0.579,2024-11-07,24,127,4.0,4.63,61.0,10.1,55693,Healthy,Store - Koramangala
SKU-0471,Kalamkari Palazzo (Cotton),Palazzo,Mauve,M,SUP-006,2024-08-27,320,717,397,133,77,56,0.421,0.579,2024-11-07,24,96,3.0,5.61,74.7,10.1,22232,Healthy,Store - MG Road
SKU-0370,Block print Dupatta (Rayon),Dupatta,Terracotta,L,SUP-010,2024-08-01,191,805,614,98,79,19,0.194,0.806,2024-10-10,52,122,0.0,4.53,999.0,10.09,11666,Critical,Store - MG Road
SKU-0055,Ikat Kurta (Chanderi),Kurta,Sage green,S,SUP-010,2024-09-10,599,1471,872,48,35,13,0.271,0.729,2024-10-25,37,82,0.0,2.99,999.0,10.03,11336,Warning,Online - Website
SKU-0006,Chikankari Kurta (Mul mul),Kurta,Blush pink,M,SUP-001,2024-08-18,402,1289,887,65,52,13,0.2,0.8,2024-10-13,49,105,0.0,3.47,999.0,9.8,11531,Warning,Online - Website
SKU-0181,Bandhani Saree (Chanderi),Saree,Rust,S,SUP-008,2024-08-17,1023,2517,1494,120,78,42,0.35,0.65,2024-11-03,28,106,2.0,5.15,84.0,9.8,62748,Warning,Online - Instagram
SKU-0397,Bandhani Dress (Georgette),Dress,Sage green,XL,SUP-003,2024-08-18,638,1181,543,77,47,30,0.39,0.61,2024-11-06,25,105,4.0,3.13,30.0,9.75,16290,Warning,Store - Indiranagar
SKU-0496,Ajrakh Palazzo (Rayon),Palazzo,Terracotta,M,SUP-006,2024-08-25,236,736,500,69,48,21,0.304,0.696,2024-10-30,32,98,0.0,3.43,999.0,9.73,10500,Warning,Store - Koramangala
SKU-0080,Bandhani Kurta (Rayon),Kurta,Ochre,S,SUP-003,2024-06-14,561,1410,849,98,82,16,0.163,0.837,2024-10-03,59,170,0.0,3.38,999.0,9.62,13584,Critical,Store - Koramangala
SKU-0014,Bandhani Kurta (Cotton),Kurta,Mauve,S,SUP-007,2024-08-09,384,1688,1304,43,34,9,0.209,0.791,2024-10-16,46,114,0.0,2.09,999.0,9.61,11736,Warning,Store - Indiranagar
SKU-0096,Block print Kurta (Rayon),Kurta,Charcoal,L,SUP-010,2024-09-09,371,1354,983,75,33,42,0.56,0.44,2024-11-14,17,83,8.0,2.78,21.0,9.52,41286,Healthy,Store - Indiranagar
SKU-0217,Dabu print Coord Set (Mul mul),Coord Set,Indigo,XL,SUP-005,2024-08-23,781,1499,718,67,46,21,0.313,0.687,2024-11-01,30,100,0.0,3.22,999.0,9.39,15078,Warning,Online - Nykaa
SKU-0335,Kalamkari Dupatta (Silk blend),Dupatta,Blush pink,L,SUP-010,2024-06-24,242,527,285,37,32,5,0.135,0.865,2024-09-23,69,160,0.0,1.4,999.0,9.32,1425,Critical,Online - Nykaa
SKU-0347,Block print Dupatta (Georgette),Dupatta,Teal,M,SUP-004,2024-06-23,275,396,121,87,74,13,0.149,0.851,2024-10-01,61,161,0.0,3.22,999.0,9.09,1573,Critical,Store - Koramangala
SKU-0369,Bandhani Dupatta (Silk blend),Dupatta,Ivory,L,SUP-003,2024-06-30,160,388,228,105,90,15,0.143,0.857,2024-09-29,63,154,0.0,4.09,999.0,9.01,3420,Critical,Store - Koramangala
SKU-0267,Dabu print Coord Set (Linen),Coord Set,Indigo,XL,SUP-003,2024-09-30,511,2662,2151,59,26,33,0.559,0.441,2024-11-15,16,62,7.0,2.94,18.9,8.94,70983,Healthy,Online - Nykaa
SKU-0421,Chikankari Dress (Rayon),Dress,Indigo,XS,SUP-008,2024-08-10,729,2051,1322,37,31,6,0.162,0.838,2024-10-08,54,113,0.0,1.92,999.0,8.75,7932,Critical,Online - Nykaa
SKU-0281,Ikat Coord Set (Georgette),Coord Set,Mauve,S,SUP-004,2024-06-22,687,1794,1107,63,53,10,0.159,0.841,2024-10-07,55,162,0.0,2.29,999.0,8.75,11070,Critical,Online - Nykaa
SKU-0158,Ajrakh Saree (Mul mul),Saree,Rust,XL,SUP-001,2024-08-08,2052,6403,4351,90,56,34,0.378,0.622,2024-11-08,23,115,4.0,3.41,34.0,8.69,147934,Healthy,Store - MG Road
SKU-0333,Block print Dupatta (Georgette),Dupatta,Indigo,XS,SUP-008,2024-10-23,177,633,456,32,21,11,0.344,0.656,2024-11-06,25,39,7.0,3.77,6.3,8.6,5016,Warning,Online - Nykaa
SKU-0066,Chikankari Kurta (Cotton),Kurta,Teal,XL,SUP-005,2024-09-26,374,1418,1044,71,42,29,0.408,0.592,2024-11-10,21,66,8.0,4.45,14.5,8.57,30276,Healthy,Store - MG Road
SKU-0222,Mirror work Coord Set (Mul mul),Coord Set,Charcoal,M,SUP-005,2024-09-15,500,1712,1212,76,55,21,0.276,0.724,2024-10-31,31,77,0.0,5.0,999.0,8.56,25452,Warning,Store - MG Road
SKU-0078,Ikat Kurta (Chanderi),Kurta,Blush pink,S,SUP-002,2024-08-18,357,1071,714,57,45,12,0.211,0.789,2024-10-23,39,105,0.0,3.0,999.0,8.23,8568,Warning,Online - Website
SKU-0019,Shibori Kurta (Silk blend),Kurta,Charcoal,L,SUP-009,2024-07-12,539,1174,635,32,27,5,0.156,0.844,2024-10-10,52,142,0.0,1.33,999.0,8.11,3175,Critical,Store - Koramangala
SKU-0301,Kalamkari Dupatta (Silk blend),Dupatta,Ivory,L,SUP-008,2024-07-12,263,421,158,128,106,22,0.172,0.828,2024-10-15,47,142,0.0,5.23,999.0,8.08,3476,Warning,Store - Koramangala
SKU-0415,Bandhani Dress (Cotton),Dress,Ochre,L,SUP-003,2024-09-28,519,2010,1491,66,42,24,0.364,0.636,2024-11-09,22,64,7.0,4.59,13.7,8.01,35784,Healthy,Online - Instagram
SKU-0031,Bagru print Kurta (Linen),Kurta,Blush pink,XS,SUP-008,2024-06-23,557,1080,523,145,124,21,0.145,0.855,2024-10-08,54,161,0.0,5.39,999.0,7.83,10983,Critical,Store - Indiranagar
SKU-0092,Block print Kurta (Mul mul),Kurta,Sage green,XL,SUP-002,2024-09-05,533,1350,817,35,28,7,0.2,0.8,2024-10-23,39,87,0.0,2.25,999.0,7.8,5719,Warning,Store - Koramangala
SKU-0213,Ikat Coord Set (Rayon),Coord Set,Sage green,L,SUP-004,2024-10-25,712,1558,846,89,12,77,0.865,0.135,2024-11-22,9,37,7.0,2.27,44.0,7.78,65142,Healthy,Store - Koramangala
SKU-0306,Dabu print Dupatta (Linen),Dupatta,Rust,S,SUP-005,2024-10-29,244,481,237,131,5,126,0.962,0.038,2024-11-23,8,33,4.0,1.06,126.0,7.7,29862,Healthy,Online - Nykaa
SKU-0339,Shibori Dupatta (Mul mul),Dupatta,Teal,XS,SUP-007,2024-10-30,229,595,366,146,11,135,0.925,0.075,2024-11-23,8,32,8.0,2.41,67.5,7.4,49410,Healthy,Online - Website
SKU-0149,Ikat Saree (Cotton),Saree,Ochre,S,SUP-001,2024-10-07,927,6124,5197,66,39,27,0.409,0.591,2024-11-13,18,55,12.0,4.96,9.0,7.36,140319,Healthy,Store - Indiranagar
SKU-0071,Ikat Kurta (Linen),Kurta,Rust,XL,SUP-006,2024-07-09,566,1250,684,68,47,21,0.309,0.691,2024-11-08,23,145,4.0,2.27,21.0,7.11,14364,Healthy,Store - MG Road
SKU-0404,Chikankari Dress (Cotton),Dress,Indigo,XXL,SUP-004,2024-08-06,613,1802,1189,59,51,8,0.136,0.864,2024-10-10,52,117,0.0,3.05,999.0,7.07,9512,Critical,Store - MG Road
SKU-0452,Kalamkari Palazzo (Silk blend),Palazzo,Blush pink,M,SUP-005,2024-09-11,221,903,682,128,75,53,0.414,0.586,2024-11-14,17,81,14.0,6.48,15.1,7.04,36146,Healthy,Store - MG Road
SKU-0243,Bandhani Coord Set (Chanderi),Coord Set,Sage green,XXL,SUP-002,2024-10-22,872,1893,1021,31,7,24,0.774,0.226,2024-11-22,9,40,5.0,1.22,19.2,6.97,24504,Healthy,Online - Instagram
SKU-0310,Bandhani Dupatta (Cotton),Dupatta,Rust,XXL,SUP-008,2024-06-24,277,431,154,138,112,26,0.188,0.812,2024-10-25,37,160,0.0,4.9,999.0,6.96,4004,Warning,Online - Instagram
SKU-0409,Chikankari Dress (Georgette),Dress,Terracotta,S,SUP-004,2024-08-29,633,1130,497,101,74,27,0.267,0.733,2024-11-05,26,94,2.0,5.51,54.0,6.94,13419,Warning,Store - Koramangala
SKU-0030,Chikankari Kurta (Cotton),Kurta,Charcoal,M,SUP-003,2024-10-12,603,1601,998,77,44,33,0.429,0.571,2024-11-15,16,50,13.0,6.16,10.2,6.86,32934,Healthy,Online - Nykaa
SKU-0106,Mirror work Kurta (Rayon),Kurta,Charcoal,XS,SUP-005,2024-09-20,575,1392,817,51,41,10,0.196,0.804,2024-10-27,35,72,0.0,3.99,999.0,6.86,8170,Warning,Online - Instagram
SKU-0355,Shibori Dupatta (Cotton),Dupatta,Blush pink,L,SUP-009,2024-10-19,180,513,333,43,14,29,0.674,0.326,2024-11-21,10,43,6.0,2.28,19.3,6.74,9657,Healthy,Store - MG Road
SKU-0329,Mirror work Dupatta (Cotton),Dupatta,Indigo,S,SUP-002,2024-11-16,204,354,150,45,2,43,0.956,0.044,2024-11-24,7,15,2.0,0.93,86.0,6.69,6450,Healthy,Online - Instagram
SKU-0413,Bagru print Dress (Chanderi),Dress,Blush pink,XS,SUP-006,2024-08-23,573,1393,820,98,44,54,0.551,0.449,2024-11-19,12,100,10.0,3.08,21.6,6.61,44280,Healthy,Online - Website
SKU-0249,Dabu print Coord Set (Silk blend),Coord Set,Mauve,L,SUP-002,2024-09-30,651,2119,1468,53,39,14,0.264,0.736,2024-11-06,25,62,2.0,4.4,28.0,6.6,20552,Warning,Online - Instagram
SKU-0346,Bandhani Dupatta (Cotton),Dupatta,Sage green,XL,SUP-002,2024-08-16,227,488,261,95,76,19,0.2,0.8,2024-10-29,33,107,0.0,4.97,999.0,6.6,4959,Warning,Store - Koramangala
SKU-0354,Chikankari Dupatta (Cotton),Dupatta,Rust,L,SUP-008,2024-07-17,182,422,240,67,58,9,0.134,0.866,2024-10-13,49,137,0.0,2.96,999.0,6.57,2160,Warning,Online - Website
SKU-0429,Kalamkari Dress (Mul mul),Dress,Teal,L,SUP-003,2024-09-22,474,1618,1144,102,35,67,0.657,0.343,2024-11-21,10,70,7.0,3.5,38.3,6.57,76648,Healthy,Store - MG Road
SKU-0118,Dabu print Kurta (Cotton),Kurta,Indigo,XXL,SUP-003,2024-08-21,411,1081,670,67,57,10,0.149,0.851,2024-10-18,44,102,0.0,3.91,999.0,6.56,6700,Warning,Store - Koramangala
SKU-0292,Kalamkari Coord Set (Mul mul),Coord Set,Blush pink,S,SUP-006,2024-11-08,754,1769,1015,42,4,38,0.905,0.095,2024-11-24,7,23,4.0,1.22,38.0,6.34,38570,Healthy,Online - Nykaa
SKU-0360,Mirror work Dupatta (Mul mul),Dupatta,Charcoal,M,SUP-010,2024-09-03,206,780,574,81,62,19,0.235,0.765,2024-11-04,27,89,1.0,4.88,76.0,6.34,10906,Warning,Online - Instagram
SKU-0463,Ajrakh Palazzo (Georgette),Palazzo,Charcoal,XS,SUP-010,2024-10-17,369,751,382,115,11,104,0.904,0.096,2024-11-24,7,45,6.0,1.71,69.3,6.33,39728,Healthy,Store - Koramangala
SKU-0384,Ikat Dress (Chanderi),Dress,Ochre,M,SUP-010,2024-10-04,486,1174,688,80,49,31,0.388,0.612,2024-11-15,16,58,16.0,5.91,7.8,6.21,21328,Healthy,Store - MG Road
SKU-0156,Ajrakh Saree (Rayon),Saree,Charcoal,XS,SUP-008,2024-06-17,1164,2681,1517,46,40,6,0.13,0.87,2024-10-15,47,167,0.0,1.68,999.0,6.11,9102,Warning,Online - Nykaa
SKU-0435,Bagru print Dress (Linen),Dress,Charcoal,XS,SUP-002,2024-08-08,594,1663,1069,55,47,8,0.145,0.855,2024-10-20,42,115,0.0,2.86,999.0,6.09,8552,Warning,Online - Nykaa
SKU-0001,Bagru print Kurta (Rayon),Kurta,Mauve,S,SUP-003,2024-08-17,452,1385,933,116,89,27,0.233,0.767,2024-11-05,26,106,4.0,5.88,27.0,6.06,25191,Warning,Online - Nykaa
SKU-0157,Dabu print Saree (Cotton),Saree,Teal,M,SUP-003,2024-08-06,2040,3138,1098,143,104,39,0.273,0.727,2024-11-09,22,117,4.0,6.22,39.0,6.01,42822,Healthy,Store - Koramangala
SKU-0427,Dabu print Dress (Mul mul),Dress,Ochre,XL,SUP-010,2024-08-06,538,1883,1345,88,75,13,0.148,0.852,2024-10-22,40,117,0.0,4.49,999.0,5.92,17485,Warning,Online - Website
SKU-0451,Shibori Palazzo (Cotton),Palazzo,Mauve,S,SUP-001,2024-09-20,286,815,529,46,38,8,0.174,0.826,2024-10-28,34,72,0.0,3.69,999.0,5.92,4232,Warning,Store - MG Road
SKU-0028,Bagru print Kurta (Cotton),Kurta,Charcoal,XS,SUP-002,2024-08-28,477,1500,1023,52,42,10,0.192,0.808,2024-11-01,30,95,0.0,3.09,999.0,5.76,10230,Warning,Online - Website
SKU-0083,Block print Kurta (Rayon),Kurta,Teal,XXL,SUP-001,2024-08-11,447,1054,607,98,78,20,0.204,0.796,2024-11-03,28,112,2.0,4.88,40.0,5.71,12140,Warning,Online - Nykaa
SKU-0386,Bandhani Dress (Georgette),Dress,Ochre,L,SUP-002,2024-08-09,589,1223,634,102,85,17,0.167,0.833,2024-10-28,34,114,0.0,5.22,999.0,5.68,10778,Warning,Store - Koramangala
SKU-0009,Kalamkari Kurta (Rayon),Kurta,Indigo,XL,SUP-008,2024-10-09,564,1201,637,55,38,17,0.309,0.691,2024-11-13,18,53,13.0,5.02,5.2,5.56,10829,Healthy,Store - Koramangala
SKU-0483,Bandhani Palazzo (Mul mul),Palazzo,Rust,S,SUP-005,2024-08-02,240,697,457,63,55,8,0.127,0.873,2024-10-19,43,121,0.0,3.18,999.0,5.46,3656,Warning,Store - Indiranagar
SKU-0358,Ajrakh Dupatta (Rayon),Dupatta,Mauve,XL,SUP-004,2024-10-14,277,617,340,130,13,117,0.9,0.1,2024-11-25,6,48,7.0,1.9,66.9,5.4,39780,Healthy,Store - MG Road
SKU-0242,Mirror work Coord Set (Silk blend),Coord Set,Indigo,XXL,SUP-004,2024-06-30,823,2188,1365,141,118,23,0.163,0.837,2024-10-29,33,154,0.0,5.36,999.0,5.38,31395,Warning,Online - Instagram
SKU-0040,Bandhani Kurta (Linen),Kurta,Blush pink,S,SUP-006,2024-09-21,572,1515,943,52,43,9,0.173,0.827,2024-10-31,31,71,0.0,4.24,999.0,5.36,8487,Warning,Store - Indiranagar
SKU-0004,Bandhani Kurta (Mul mul),Kurta,Teal,L,SUP-009,2024-11-03,408,1460,1052,32,13,19,0.594,0.406,2024-11-22,9,28,13.0,3.25,5.8,5.35,19988,Healthy,Online - Instagram
SKU-0088,Block print Kurta (Georgette),Kurta,Teal,XL,SUP-005,2024-09-22,571,1712,1141,43,37,6,0.14,0.86,2024-10-24,38,70,0.0,3.7,999.0,5.32,6846,Warning,Store - Indiranagar
SKU-0299,Kalamkari Coord Set (Rayon),Coord Set,Ivory,M,SUP-006,2024-10-27,587,2467,1880,48,31,17,0.354,0.646,2024-11-16,15,35,20.0,6.2,3.4,5.31,31960,Healthy,Store - MG Road
SKU-0405,Bandhani Dress (Silk blend),Dress,Ochre,S,SUP-008,2024-10-15,494,2009,1515,46,22,24,0.522,0.478,2024-11-21,10,47,10.0,3.28,9.6,5.22,36360,Healthy,Online - Nykaa
SKU-0315,Mirror work Dupatta (Rayon),Dupatta,Ochre,XS,SUP-003,2024-08-16,226,462,236,146,88,58,0.397,0.603,2024-11-18,13,107,10.0,5.76,23.2,5.16,13688,Healthy,Store - Indiranagar
SKU-0308,Block print Dupatta (Georgette),Dupatta,Teal,L,SUP-003,2024-10-29,176,778,602,117,18,99,0.846,0.154,2024-11-25,6,33,16.0,3.82,24.8,5.08,59598,Healthy,Store - Indiranagar
SKU-0303,Shibori Dupatta (Mul mul),Dupatta,Sage green,XXL,SUP-010,2024-07-29,274,415,141,119,99,20,0.168,0.832,2024-11-01,30,125,0.0,5.54,999.0,5.04,2820,Warning,Online - Nykaa
SKU-0445,Ajrakh Dress (Georgette),Dress,Blush pink,M,SUP-006,2024-08-06,520,1270,750,130,94,36,0.277,0.723,2024-11-13,18,117,8.0,5.62,18.0,4.99,27000,Healthy,Store - Indiranagar
SKU-0011,Bandhani Kurta (Cotton),Kurta,Blush pink,M,SUP-003,2024-09-16,478,1597,1119,62,48,14,0.226,0.774,2024-11-09,22,76,8.0,4.42,7.0,4.97,15666,Healthy,Online - Nykaa
SKU-0436,Ikat Dress (Cotton),Dress,Blush pink,XXL,SUP-001,2024-08-26,660,1104,444,79,69,10,0.127,0.873,2024-10-24,38,97,0.0,4.98,999.0,4.83,4440,Warning,Online - Website
SKU-0351,Bandhani Dupatta (Linen),Dupatta,Sage green,XS,SUP-009,2024-10-14,191,539,348,69,39,30,0.435,0.565,2024-11-20,11,48,14.0,5.69,8.6,4.78,10440,Healthy,Store - MG Road
SKU-0454,Chikankari Palazzo (Chanderi),Palazzo,Sage green,S,SUP-004,2024-07-09,348,1011,663,138,115,23,0.167,0.833,2024-11-03,28,145,3.0,5.55,30.7,4.68,15249,Warning,Online - Instagram
SKU-0291,Shibori Coord Set (Cotton),Coord Set,Charcoal,S,SUP-007,2024-09-01,881,2235,1354,91,69,22,0.242,0.758,2024-11-12,19,91,8.0,5.31,11.0,4.6,29788,Healthy,Store - Indiranagar
SKU-0090,Bandhani Kurta (Georgette),Kurta,Indigo,L,SUP-009,2024-08-19,635,1284,649,67,59,8,0.119,0.881,2024-10-24,38,104,0.0,3.97,999.0,4.52,5192,Warning,Store - Indiranagar
SKU-0045,Mirror work Kurta (Chanderi),Kurta,Terracotta,XXL,SUP-001,2024-07-16,535,1524,989,81,66,15,0.185,0.815,2024-11-08,23,138,4.0,3.35,15.0,4.26,14835,Healthy,Store - MG Road
SKU-0104,Ajrakh Kurta (Georgette),Kurta,Sage green,XXL,SUP-002,2024-08-01,416,1182,766,140,105,35,0.25,0.75,2024-11-14,17,122,9.0,6.02,15.6,4.25,26810,Healthy,Store - MG Road
SKU-0295,Bandhani Coord Set (Linen),Coord Set,Ivory,XL,SUP-003,2024-10-17,712,2595,1883,61,40,21,0.344,0.656,2024-11-20,11,45,22.0,6.22,3.8,3.78,39543,Healthy,Store - Koramangala
SKU-0476,Kalamkari Palazzo (Linen),Palazzo,Blush pink,M,SUP-001,2024-09-22,296,1066,770,91,57,34,0.374,0.626,2024-11-21,10,70,20.0,5.7,6.8,3.74,26180,Healthy,Online - Nykaa
SKU-0021,Mirror work Kurta (Cotton),Kurta,Sage green,XS,SUP-001,2024-09-20,521,1613,1092,87,69,18,0.207,0.793,2024-11-13,18,72,11.0,6.71,6.5,3.73,19656,Healthy,Store - MG Road
SKU-0432,Bagru print Dress (Cotton),Dress,Teal,XL,SUP-008,2024-08-20,637,1615,978,125,95,30,0.24,0.76,2024-11-16,15,103,12.0,6.46,10.0,3.6,29340,Healthy,Store - MG Road
SKU-0193,Bandhani Saree (Cotton),Saree,Blush pink,L,SUP-005,2024-10-27,1953,5355,3402,76,8,68,0.895,0.105,2024-11-27,4,35,6.0,1.6,45.3,3.58,231336,Healthy,Online - Instagram
SKU-0424,Kalamkari Dress (Chanderi),Dress,Mauve,XXL,SUP-008,2024-10-05,557,1664,1107,31,25,6,0.194,0.806,2024-11-13,18,57,8.0,3.07,3.0,3.49,6642,Healthy,Store - MG Road
SKU-0108,Kalamkari Kurta (Mul mul),Kurta,Blush pink,XXL,SUP-002,2024-10-09,592,1492,900,113,27,86,0.761,0.239,2024-11-27,4,53,13.0,3.57,26.5,3.04,77400,Healthy,Online - Website
SKU-0170,Ajrakh Saree (Linen),Saree,Mauve,XS,SUP-001,2024-09-11,1965,4233,2268,82,65,17,0.207,0.793,2024-11-17,14,81,14.0,5.62,4.9,2.9,38556,Healthy,Store - Koramangala
SKU-0186,Chikankari Saree (Chanderi),Saree,Ivory,XS,SUP-001,2024-11-06,1388,4212,2824,133,5,128,0.962,0.038,2024-11-28,3,25,5.0,1.4,102.4,2.89,361472,Healthy,Store - MG Road
SKU-0191,Block print Saree (Linen),Saree,Rust,M,SUP-010,2024-11-11,1180,4707,3527,116,5,111,0.957,0.043,2024-11-28,3,20,5.0,1.75,88.8,2.87,391497,Healthy,Online - Website
SKU-0487,Block print Palazzo (Cotton),Palazzo,Sage green,XS,SUP-009,2024-10-24,299,963,664,65,19,46,0.708,0.292,2024-11-27,4,38,13.0,3.5,14.2,2.83,30544,Healthy,Online - Website
SKU-0033,Bandhani Kurta (Rayon),Kurta,Charcoal,L,SUP-001,2024-09-25,502,1287,785,97,64,33,0.34,0.66,2024-11-23,8,67,25.0,6.69,5.3,2.72,25905,Healthy,Store - Koramangala
SKU-0015,Dabu print Kurta (Chanderi),Kurta,Rust,XS,SUP-004,2024-11-03,632,1342,710,125,14,111,0.888,0.112,2024-11-28,3,28,14.0,3.5,31.7,2.66,78810,Healthy,Store - MG Road
SKU-0097,Shibori Kurta (Chanderi),Kurta,Charcoal,XS,SUP-006,2024-10-04,383,1027,644,140,17,123,0.879,0.121,2024-11-28,3,58,7.0,2.05,70.3,2.64,79212,Healthy,Store - MG Road
SKU-0129,Kalamkari Saree (Rayon),Saree,Terracotta,XXL,SUP-004,2024-10-03,1578,3992,2414,83,53,30,0.361,0.639,2024-11-24,7,59,25.0,6.29,4.8,2.53,72420,Healthy,Online - Nykaa
SKU-0265,Bandhani Coord Set (Mul mul),Coord Set,Teal,S,SUP-004,2024-09-04,840,2169,1329,111,41,70,0.631,0.369,2024-11-27,4,88,11.0,3.26,25.5,2.52,93030,Healthy,Store - Indiranagar
SKU-0447,Bandhani Dress (Cotton),Dress,Charcoal,XL,SUP-007,2024-10-15,667,1766,1099,142,25,117,0.824,0.176,2024-11-28,3,47,14.0,3.72,33.4,2.47,128583,Healthy,Store - Indiranagar
SKU-0491,Block print Palazzo (Rayon),Palazzo,Teal,L,SUP-001,2024-10-10,320,590,270,139,26,113,0.813,0.187,2024-11-28,3,52,14.0,3.5,32.3,2.44,30510,Healthy,Online - Instagram
SKU-0199,Mirror work Saree (Linen),Saree,Mauve,XL,SUP-002,2024-09-16,1320,3216,1896,117,82,35,0.299,0.701,2024-11-23,8,76,27.0,7.55,5.2,2.39,66360,Healthy,Online - Website
SKU-0440,Bagru print Dress (Silk blend),Dress,Terracotta,XXL,SUP-009,2024-08-11,691,1679,988,105,93,12,0.114,0.886,2024-11-10,21,112,9.0,5.81,5.3,2.39,11856,Healthy,Online - Instagram
SKU-0279,Bagru print Coord Set (Georgette),Coord Set,Mauve,XS,SUP-005,2024-09-21,648,2049,1401,119,28,91,0.765,0.235,2024-11-28,3,71,11.0,2.76,33.1,2.3,127491,Healthy,Online - Website
SKU-0319,Ikat Dupatta (Cotton),Dupatta,Sage green,XL,SUP-008,2024-09-22,179,713,534,137,33,104,0.759,0.241,2024-11-28,3,70,13.0,3.3,32.0,2.28,55536,Healthy,Store - Indiranagar
SKU-0285,Bagru print Coord Set (Silk blend),Coord Set,Ochre,XS,SUP-001,2024-10-15,783,2114,1331,89,24,65,0.73,0.27,2024-11-28,3,47,14.0,3.57,18.6,2.19,86515,Healthy,Online - Instagram
SKU-0251,Bandhani Coord Set (Mul mul),Coord Set,Indigo,XS,SUP-007,2024-09-30,741,1980,1239,50,42,8,0.16,0.84,2024-11-18,13,62,11.0,4.74,2.9,2.08,9912,Healthy,Online - Instagram
SKU-0464,Shibori Palazzo (Silk blend),Palazzo,Mauve,XL,SUP-006,2024-07-30,216,985,769,142,94,48,0.338,0.662,2024-11-25,6,124,19.0,5.31,10.1,2.03,36912,Healthy,Store - MG Road
SKU-0499,Mirror work Palazzo (Rayon),Palazzo,Mauve,XS,SUP-010,2024-08-08,320,934,614,121,104,17,0.14,0.86,2024-11-17,14,115,21.0,6.33,3.2,1.96,10438,Healthy,Store - MG Road
SKU-0382,Block print Dress (Linen),Dress,Mauve,S,SUP-004,2024-09-30,545,1494,949,85,30,55,0.647,0.353,2024-11-28,3,62,13.0,3.39,16.9,1.94,52195,Healthy,Online - Instagram
SKU-0109,Mirror work Kurta (Linen),Kurta,Ivory,XXL,SUP-008,2024-11-14,569,1024,455,131,5,126,0.962,0.038,2024-11-29,2,17,5.0,2.06,100.8,1.92,57330,Healthy,Store - MG Road
SKU-0411,Chikankari Dress (Chanderi),Dress,Teal,XXL,SUP-002,2024-11-14,441,2153,1712,111,6,105,0.946,0.054,2024-11-29,2,17,6.0,2.47,70.0,1.89,179760,Healthy,Online - Instagram
SKU-0214,Shibori Coord Set (Mul mul),Coord Set,Terracotta,XL,SUP-002,2024-08-14,651,2346,1695,129,107,22,0.171,0.829,2024-11-20,11,109,21.0,6.87,4.2,1.88,37290,Healthy,Store - Indiranagar
SKU-0047,Chikankari Kurta (Mul mul),Kurta,Ochre,XL,SUP-004,2024-11-13,409,1569,1160,123,8,115,0.935,0.065,2024-11-29,2,18,8.0,3.11,57.5,1.87,133400,Healthy,Store - Indiranagar
SKU-0406,Bagru print Dress (Georgette),Dress,Indigo,M,SUP-008,2024-11-05,581,1421,840,116,13,103,0.888,0.112,2024-11-29,2,26,13.0,3.5,31.7,1.78,86520,Healthy,Online - Nykaa
SKU-0172,Ajrakh Saree (Cotton),Saree,Teal,L,SUP-004,2024-11-07,2142,5615,3473,88,12,76,0.864,0.136,2024-11-29,2,24,12.0,3.5,25.3,1.73,263948,Healthy,Online - Instagram
SKU-0130,Mirror work Saree (Georgette),Saree,Rust,XL,SUP-009,2024-11-17,1782,5072,3290,82,11,71,0.866,0.134,2024-11-29,2,14,11.0,5.5,25.8,1.73,233590,Healthy,Online - Website
SKU-0209,Shibori Coord Set (Rayon),Coord Set,Rust,S,SUP-003,2024-11-06,511,1486,975,84,12,72,0.857,0.143,2024-11-29,2,25,12.0,3.36,24.0,1.71,70200,Healthy,Online - Instagram
SKU-0124,Ikat Saree (Mul mul),Saree,Indigo,M,SUP-003,2024-11-13,1980,5919,3939,144,22,122,0.847,0.153,2024-11-29,2,18,22.0,8.56,22.2,1.69,480558,Healthy,Store - MG Road
SKU-0423,Bandhani Dress (Rayon),Dress,Charcoal,XS,SUP-006,2024-10-28,484,1455,971,83,14,69,0.831,0.169,2024-11-29,2,34,10.0,2.88,27.6,1.66,66999,Healthy,Store - Indiranagar
SKU-0126,Dabu print Saree (Rayon),Saree,Blush pink,XXL,SUP-002,2024-08-20,822,3014,2192,118,79,39,0.331,0.669,2024-11-26,5,103,23.0,5.37,6.8,1.66,85488,Healthy,Online - Instagram
SKU-0274,Ajrakh Coord Set (Rayon),Coord Set,Blush pink,XS,SUP-007,2024-11-07,629,1781,1152,112,22,90,0.804,0.196,2024-11-29,2,24,22.0,6.42,16.4,1.61,103680,Healthy,Store - MG Road
SKU-0082,Kalamkari Kurta (Chanderi),Kurta,Charcoal,XXL,SUP-001,2024-11-07,495,1173,678,106,21,85,0.802,0.198,2024-11-29,2,24,21.0,6.12,16.2,1.6,57630,Healthy,Store - Indiranagar
SKU-0008,Ajrakh Kurta (Chanderi),Kurta,Sage green,XXL,SUP-008,2024-10-05,540,1351,811,107,22,85,0.794,0.206,2024-11-29,2,57,11.0,2.7,30.9,1.59,68935,Healthy,Online - Nykaa
SKU-0053,Kalamkari Kurta (Georgette),Kurta,Ivory,XXL,SUP-004,2024-10-20,435,1646,1211,98,21,77,0.786,0.214,2024-11-29,2,42,13.0,3.5,23.7,1.57,93247,Healthy,Online - Website
SKU-0175,Bandhani Saree (Mul mul),Saree,Terracotta,XS,SUP-010,2024-11-09,1526,4936,3410,64,14,50,0.781,0.219,2024-11-29,2,22,14.0,4.45,14.3,1.56,170500,Healthy,Online - Instagram
SKU-0375,Mirror work Dress (Silk blend),Dress,Blush pink,S,SUP-001,2024-11-16,574,1728,1154,70,17,53,0.757,0.243,2024-11-29,2,15,17.0,7.93,12.5,1.51,61162,Healthy,Online - Website
SKU-0368,Block print Dupatta (Cotton),Dupatta,Ivory,XL,SUP-003,2024-10-12,128,693,565,88,22,66,0.75,0.25,2024-11-29,2,50,12.0,3.08,22.0,1.5,37290,Healthy,Online - Website
SKU-0167,Chikankari Saree (Rayon),Saree,Indigo,M,SUP-007,2024-10-15,1538,5441,3903,75,19,56,0.747,0.253,2024-11-29,2,47,11.0,2.83,20.4,1.49,218568,Healthy,Online - Nykaa
SKU-0258,Dabu print Coord Set (Silk blend),Coord Set,Ochre,XXL,SUP-002,2024-10-05,729,1466,737,116,30,86,0.741,0.259,2024-11-29,2,57,15.0,3.68,22.9,1.48,63382,Healthy,Online - Nykaa
SKU-0024,Dabu print Kurta (Linen),Kurta,Teal,L,SUP-007,2024-09-26,475,1079,604,104,32,72,0.692,0.308,2024-11-29,2,66,15.0,3.39,19.2,1.38,43488,Healthy,Store - Koramangala
SKU-0480,Ajrakh Palazzo (Linen),Palazzo,Terracotta,XL,SUP-009,2024-11-01,261,751,490,98,31,67,0.684,0.316,2024-11-29,2,30,26.0,7.23,10.3,1.37,32830,Healthy,Store - Koramangala
SKU-0353,Shibori Dupatta (Mul mul),Dupatta,Sage green,XL,SUP-007,2024-10-30,250,775,525,107,34,73,0.682,0.318,2024-11-29,2,32,28.0,7.44,10.4,1.36,38325,Healthy,Online - Nykaa
SKU-0211,Bagru print Coord Set (Cotton),Coord Set,Rust,L,SUP-010,2024-10-12,710,2061,1351,144,48,96,0.667,0.333,2024-11-29,2,50,27.0,6.72,14.2,1.33,129696,Healthy,Online - Instagram
SKU-0492,Bagru print Palazzo (Silk blend),Palazzo,Indigo,M,SUP-010,2024-10-15,268,848,580,62,46,16,0.258,0.742,2024-11-26,5,47,20.0,6.85,3.2,1.29,9280,Healthy,Store - Indiranagar
SKU-0313,Ikat Dupatta (Georgette),Dupatta,Ochre,XXL,SUP-007,2024-11-14,264,547,283,38,16,22,0.579,0.421,2024-11-29,2,17,16.0,6.59,5.5,1.16,6226,Healthy,Online - Instagram
SKU-0238,Dabu print Coord Set (Chanderi),Coord Set,Ochre,L,SUP-005,2024-08-25,764,2426,1662,122,89,33,0.27,0.73,2024-11-27,4,98,18.0,6.36,7.3,1.08,54846,Healthy,Store - Indiranagar
SKU-0034,Ikat Kurta (Georgette),Kurta,Rust,XS,SUP-001,2024-10-28,638,1347,709,77,36,41,0.532,0.468,2024-11-29,2,34,29.0,7.41,5.7,1.06,29069,Healthy,Store - Indiranagar
SKU-0273,Bandhani Coord Set (Rayon),Coord Set,Rust,S,SUP-010,2024-10-18,650,1866,1216,118,56,62,0.525,0.475,2024-11-29,2,44,35.0,8.91,7.1,1.05,75392,Healthy,Online - Website
SKU-0296,Shibori Coord Set (Georgette),Coord Set,Indigo,XL,SUP-005,2024-11-06,721,1438,717,37,28,9,0.243,0.757,2024-11-27,4,25,28.0,7.84,1.3,0.97,6453,Healthy,Online - Website
SKU-0007,Mirror work Kurta (Linen),Kurta,Terracotta,L,SUP-006,2024-11-16,399,1337,938,122,10,112,0.918,0.082,2024-11-30,1,15,10.0,4.67,44.8,0.92,105056,Healthy,Online - Website
SKU-0018,Ikat Kurta (Linen),Kurta,Terracotta,L,SUP-009,2024-10-05,377,1569,1192,132,13,119,0.902,0.098,2024-11-30,1,57,7.0,1.6,68.0,0.9,141848,Healthy,Online - Instagram
SKU-0473,Bagru print Palazzo (Linen),Palazzo,Rust,XS,SUP-005,2024-11-16,371,700,329,101,11,90,0.891,0.109,2024-11-30,1,15,11.0,5.13,32.7,0.89,29610,Healthy,Online - Instagram
SKU-0042,Dabu print Kurta (Georgette),Kurta,Terracotta,M,SUP-002,2024-10-10,595,1125,530,54,46,8,0.148,0.852,2024-11-25,6,52,20.0,6.19,1.6,0.89,4240,Healthy,Online - Nykaa
SKU-0430,Block print Dress (Georgette),Dress,Charcoal,XL,SUP-006,2024-11-10,579,1430,851,88,13,75,0.852,0.148,2024-11-30,1,21,13.0,4.33,23.1,0.85,63825,Healthy,Online - Nykaa
SKU-0111,Ikat Kurta (Cotton),Kurta,Sage green,XS,SUP-001,2024-10-30,467,1785,1318,119,21,98,0.824,0.176,2024-11-30,1,32,18.0,4.59,21.8,0.82,129164,Healthy,Online - Nykaa
SKU-0235,Bandhani Coord Set (Rayon),Coord Set,Ivory,XXL,SUP-006,2024-10-26,518,1796,1278,100,18,82,0.82,0.18,2024-11-30,1,36,16.0,3.5,20.5,0.82,104796,Healthy,Store - Koramangala
SKU-0161,Chikankari Saree (Cotton),Saree,Teal,S,SUP-005,2024-11-08,846,5559,4713,115,22,93,0.809,0.191,2024-11-30,1,23,22.0,6.7,16.9,0.81,438309,Healthy,Store - Indiranagar
SKU-0364,Mirror work Dupatta (Chanderi),Dupatta,Blush pink,M,SUP-010,2024-11-06,264,410,146,94,20,74,0.787,0.213,2024-11-30,1,25,20.0,5.6,14.8,0.79,10804,Healthy,Online - Instagram
SKU-0255,Ikat Coord Set (Chanderi),Coord Set,Ochre,S,SUP-007,2024-10-30,687,1701,1014,138,29,109,0.79,0.21,2024-11-30,1,32,26.0,6.34,16.8,0.79,110526,Healthy,Online - Website
SKU-0179,Bagru print Saree (Silk blend),Saree,Mauve,S,SUP-002,2024-10-11,1947,3174,1227,99,22,77,0.778,0.222,2024-11-30,1,51,10.0,3.02,30.8,0.78,94479,Healthy,Store - Koramangala
SKU-0065,Ikat Kurta (Silk blend),Kurta,Terracotta,XL,SUP-005,2024-10-21,425,1214,789,128,28,100,0.781,0.219,2024-11-30,1,41,19.0,4.78,21.1,0.78,78900,Healthy,Store - Koramangala
SKU-0178,Bagru print Saree (Cotton),Saree,Mauve,M,SUP-002,2024-11-09,1720,3555,1835,117,26,91,0.778,0.222,2024-11-30,1,22,26.0,8.27,14.0,0.78,166985,Healthy,Online - Nykaa
SKU-0449,Ajrakh Dress (Rayon),Dress,Sage green,XL,SUP-004,2024-11-01,510,1817,1307,82,20,62,0.756,0.244,2024-11-30,1,30,17.0,4.67,14.6,0.76,81034,Healthy,Online - Website
SKU-0316,Dabu print Dupatta (Silk blend),Dupatta,Mauve,XL,SUP-005,2024-10-14,266,775,509,113,27,86,0.761,0.239,2024-11-30,1,48,16.0,3.94,21.5,0.76,43774,Healthy,Online - Website
SKU-0359,Block print Dupatta (Chanderi),Dupatta,Blush pink,XS,SUP-008,2024-10-14,256,673,417,74,18,56,0.757,0.243,2024-11-30,1,48,13.0,2.62,17.2,0.76,23352,Healthy,Store - Indiranagar
SKU-0176,Block print Saree (Silk blend),Saree,Rust,XXL,SUP-008,2024-09-17,1489,3049,1560,140,35,105,0.75,0.25,2024-11-30,1,75,15.0,3.27,28.0,0.75,163800,Healthy,Store - MG Road
SKU-0022,Ajrakh Kurta (Silk blend),Kurta,Ivory,XL,SUP-001,2024-10-10,401,1217,816,85,53,32,0.376,0.624,2024-11-29,2,52,32.0,7.13,4.0,0.75,26112,Healthy,Online - Instagram
SKU-0113,Chikankari Kurta (Chanderi),Kurta,Indigo,XL,SUP-008,2024-11-13,527,959,432,31,20,11,0.355,0.645,2024-11-29,2,18,20.0,7.78,2.2,0.71,4752,Healthy,Online - Instagram
SKU-0337,Ajrakh Dupatta (Georgette),Dupatta,Rust,XL,SUP-003,2024-11-06,161,665,504,56,16,40,0.714,0.286,2024-11-30,1,25,16.0,4.48,10.0,0.71,20160,Healthy,Store - Indiranagar
SKU-0174,Bagru print Saree (Linen),Saree,Mauve,XL,SUP-006,2024-11-15,1552,4753,3201,76,23,53,0.697,0.303,2024-11-30,1,16,23.0,10.06,9.2,0.7,169653,Healthy,Store - Indiranagar
SKU-0127,Ikat Saree (Mul mul),Saree,Mauve,XL,SUP-008,2024-09-19,1792,3839,2047,135,40,95,0.704,0.296,2024-11-30,1,73,17.0,3.84,22.4,0.7,194465,Healthy,Store - MG Road
SKU-0012,Chikankari Kurta (Cotton),Kurta,Blush pink,L,SUP-002,2024-10-08,610,1439,829,62,48,14,0.226,0.774,2024-11-28,3,54,22.0,6.22,2.5,0.68,11606,Healthy,Online - Nykaa
SKU-0046,Mirror work Kurta (Silk blend),Kurta,Mauve,XS,SUP-008,2024-11-03,519,1787,1268,82,29,53,0.646,0.354,2024-11-30,1,28,29.0,7.25,7.3,0.65,67204,Healthy,Store - Indiranagar
SKU-0226,Dabu print Coord Set (Mul mul),Coord Set,Mauve,S,SUP-008,2024-11-06,824,2584,1760,72,26,46,0.639,0.361,2024-11-30,1,25,26.0,7.28,7.1,0.64,80960,Healthy,Store - Koramangala
SKU-0286,Block print Coord Set (Georgette),Coord Set,Mauve,XL,SUP-008,2024-09-10,842,2255,1413,116,43,73,0.629,0.371,2024-11-30,1,82,20.0,3.67,14.6,0.63,103149,Healthy,Store - Koramangala
SKU-0462,Kalamkari Palazzo (Linen),Palazzo,Mauve,XS,SUP-007,2024-10-27,238,1077,839,60,41,19,0.317,0.683,2024-11-29,2,35,31.0,8.2,2.5,0.63,15941,Healthy,Online - Website
SKU-0116,Block print Kurta (Linen),Kurta,Blush pink,M,SUP-009,2024-10-14,486,1537,1051,130,48,82,0.631,0.369,2024-11-30,1,48,31.0,7.0,10.6,0.63,86182,Healthy,Store - Indiranagar
SKU-0383,Ikat Dress (Cotton),Dress,Indigo,XL,SUP-008,2024-10-18,623,1932,1309,117,44,73,0.624,0.376,2024-11-30,1,44,28.0,7.0,10.4,0.62,95557,Healthy,Store - Indiranagar
SKU-0485,Ikat Palazzo (Cotton),Palazzo,Rust,S,SUP-009,2024-11-16,299,608,309,39,15,24,0.615,0.385,2024-11-30,1,15,15.0,7.0,6.4,0.62,7416,Healthy,Store - Indiranagar
SKU-0120,Bandhani Kurta (Linen),Kurta,Ochre,M,SUP-007,2024-10-10,453,1053,600,80,33,47,0.588,0.412,2024-11-30,1,52,16.0,4.44,11.8,0.59,28200,Healthy,Online - Instagram
SKU-0037,Block print Kurta (Mul mul),Kurta,Mauve,XXL,SUP-003,2024-09-30,384,1141,757,134,61,73,0.545,0.455,2024-11-30,1,62,30.0,6.89,9.7,0.55,55261,Healthy,Store - MG Road
SKU-0336,Ikat Dupatta (Rayon),Dupatta,Mauve,XS,SUP-008,2024-10-08,271,825,554,111,50,61,0.55,0.45,2024-11-30,1,54,27.0,6.48,9.0,0.55,33794,Healthy,Store - MG Road
SKU-0115,Kalamkari Kurta (Linen),Kurta,Indigo,XXL,SUP-005,2024-09-30,443,1044,601,149,69,80,0.537,0.463,2024-11-30,1,62,36.0,7.79,8.9,0.54,48080,Healthy,Online - Instagram
SKU-0484,Dabu print Palazzo (Cotton),Palazzo,Ivory,XXL,SUP-009,2024-10-22,349,683,334,88,41,47,0.534,0.466,2024-11-30,1,40,29.0,7.18,6.5,0.53,15698,Healthy,Online - Nykaa
SKU-0270,Block print Coord Set (Mul mul),Coord Set,Ivory,XXL,SUP-006,2024-09-25,780,1652,872,139,73,66,0.475,0.525,2024-11-30,1,67,31.0,7.63,8.5,0.48,57552,Healthy,Store - MG Road
SKU-0366,Block print Dupatta (Linen),Dupatta,Blush pink,M,SUP-004,2024-09-30,260,538,278,126,67,59,0.468,0.532,2024-11-30,1,62,28.0,7.56,8.4,0.47,16402,Healthy,Store - Koramangala
SKU-0180,Kalamkari Saree (Rayon),Saree,Ivory,S,SUP-008,2024-10-21,836,5587,4751,74,40,34,0.459,0.541,2024-11-30,1,41,25.0,6.83,5.4,0.46,161534,Healthy,Store - Indiranagar
SKU-0125,Kalamkari Saree (Mul mul),Saree,Terracotta,XXL,SUP-006,2024-10-06,2115,2993,878,101,55,46,0.455,0.545,2024-11-30,1,56,28.0,6.88,6.6,0.46,40388,Healthy,Online - Instagram
SKU-0239,Kalamkari Coord Set (Chanderi),Coord Set,Mauve,L,SUP-004,2024-11-06,653,2064,1411,44,25,19,0.432,0.568,2024-11-30,1,25,25.0,7.0,3.0,0.43,26809,Healthy,Online - Instagram
SKU-0003,Block print Kurta (Mul mul),Kurta,Terracotta,XXL,SUP-009,2024-10-28,643,1335,692,78,45,33,0.423,0.577,2024-11-30,1,34,40.0,9.26,3.3,0.42,22836,Healthy,Online - Website
SKU-0200,Block print Saree (Rayon),Saree,Indigo,XXL,SUP-002,2024-09-15,1383,2594,1211,139,85,54,0.388,0.612,2024-11-30,1,77,29.0,7.73,7.4,0.39,65394,Healthy,Store - Indiranagar
SKU-0488,Dabu print Palazzo (Linen),Palazzo,Ochre,XS,SUP-010,2024-09-06,282,969,687,143,92,51,0.357,0.643,2024-11-30,1,86,35.0,7.49,5.8,0.36,35037,Healthy,Online - Instagram
SKU-0459,Ikat Palazzo (Silk blend),Palazzo,Rust,XXL,SUP-004,2024-09-18,302,634,332,121,83,38,0.314,0.686,2024-11-30,1,74,30.0,7.85,5.1,0.31,12616,Healthy,Online - Website
SKU-0163,Ikat Saree (Georgette),Saree,Rust,S,SUP-010,2024-08-28,1626,3700,2074,132,94,38,0.288,0.712,2024-11-30,1,95,29.0,6.93,5.2,0.29,78812,Healthy,Store - MG Road
SKU-0268,Chikankari Coord Set (Mul mul),Coord Set,Charcoal,XL,SUP-003,2024-09-12,715,1533,818,95,81,14,0.147,0.853,2024-11-30,1,80,23.0,7.09,2.4,0.15,11452,Healthy,Online - Nykaa
SKU-0461,Bandhani Palazzo (Linen),Palazzo,Charcoal,XXL,SUP-006,2024-07-29,300,1086,786,129,114,15,0.116,0.884,2024-11-30,1,125,24.0,6.38,2.5,0.12,11790,Healthy,Online - Nykaa
SKU-0433,Shibori Dress (Cotton),Dress,Terracotta,L,SUP-007,2024-10-27,562,1639,1077,135,34,101,0.748,0.252,2024-12-01,0,35,27.0,6.8,15.0,0.0,108777,Healthy,Store - Koramangala
SKU-0477,Mirror work Palazzo (Rayon),Palazzo,Indigo,XXL,SUP-007,2024-10-30,249,1038,789,97,36,61,0.629,0.371,2024-12-01,0,32,32.0,7.88,7.6,0.0,48129,Healthy,Store - MG Road
SKU-0229,Mirror work Coord Set (Rayon),Coord Set,Ochre,S,SUP-001,2024-11-10,840,1528,688,84,27,57,0.679,0.321,2024-12-01,0,21,27.0,9.0,8.4,0.0,39216,Healthy,Online - Instagram
SKU-0225,Chikankari Coord Set (Silk blend),Coord Set,Ochre,XL,SUP-005,2024-11-17,781,2196,1415,88,11,77,0.875,0.125,2024-12-01,0,14,11.0,5.5,28.0,0.0,108955,Healthy,Store - MG Road
SKU-0237,Mirror work Coord Set (Chanderi),Coord Set,Rust,XXL,SUP-010,2024-10-14,592,1704,1112,95,27,68,0.716,0.284,2024-12-01,0,48,15.0,3.94,18.1,0.0,75616,Healthy,Online - Website
SKU-0344,Dabu print Dupatta (Rayon),Dupatta,Blush pink,S,SUP-001,2024-10-19,195,825,630,114,50,64,0.561,0.439,2024-12-01,0,43,33.0,8.14,7.8,0.0,40320,Healthy,Online - Website
SKU-0342,Ikat Dupatta (Linen),Dupatta,Indigo,XXL,SUP-003,2024-11-09,245,482,237,89,13,76,0.854,0.146,2024-12-01,0,22,13.0,4.14,23.4,0.0,18012,Healthy,Store - Koramangala
SKU-0340,Ajrakh Dupatta (Mul mul),Dupatta,Ochre,S,SUP-007,2024-11-05,140,507,367,56,30,26,0.464,0.536,2024-12-01,0,26,30.0,8.08,3.5,0.0,9542,Healthy,Online - Nykaa
SKU-0248,Dabu print Coord Set (Chanderi),Coord Set,Charcoal,XL,SUP-010,2024-11-09,892,2449,1557,101,28,73,0.723,0.277,2024-12-01,0,22,28.0,8.91,10.4,0.0,113661,Healthy,Store - MG Road
SKU-0443,Ikat Dress (Georgette),Dress,Ivory,M,SUP-007,2024-11-10,427,1461,1034,110,23,87,0.791,0.209,2024-12-01,0,21,23.0,7.67,15.1,0.0,89958,Healthy,Online - Nykaa
SKU-0084,Kalamkari Kurta (Rayon),Kurta,Mauve,S,SUP-010,2024-10-26,482,1720,1238,112,38,74,0.661,0.339,2024-12-01,0,36,34.0,7.39,8.7,0.0,91612,Healthy,Store - Koramangala
SKU-0081,Ajrakh Kurta (Silk blend),Kurta,Mauve,XS,SUP-006,2024-10-19,359,1773,1414,94,47,47,0.5,0.5,2024-12-01,0,43,34.0,7.65,5.5,0.0,66458,Healthy,Store - Koramangala
SKU-0298,Kalamkari Coord Set (Georgette),Coord Set,Sage green,M,SUP-002,2024-10-20,847,2169,1322,124,46,78,0.629,0.371,2024-12-01,0,42,31.0,7.67,10.1,0.0,103116,Healthy,Store - MG Road
SKU-0300,Chikankari Coord Set (Mul mul),Coord Set,Charcoal,XL,SUP-008,2024-10-19,522,1812,1290,135,48,87,0.644,0.356,2024-12-01,0,43,32.0,7.81,10.9,0.0,112230,Healthy,Store - Koramangala
SKU-0305,Bagru print Dupatta (Silk blend),Dupatta,Mauve,S,SUP-004,2024-09-09,194,749,555,140,77,63,0.45,0.55,2024-12-01,0,83,30.0,6.49,8.4,0.0,34965,Healthy,Store - Koramangala
SKU-0304,Block print Dupatta (Linen),Dupatta,Charcoal,S,SUP-005,2024-11-06,177,403,226,49,27,22,0.449,0.551,2024-12-01,0,25,27.0,7.56,3.3,0.0,4972,Healthy,Online - Website
SKU-0328,Ajrakh Dupatta (Linen),Dupatta,Ochre,S,SUP-001,2024-11-01,205,526,321,103,31,72,0.699,0.301,2024-12-01,0,30,30.0,7.23,9.6,0.0,23112,Healthy,Store - Koramangala
SKU-0102,Dabu print Kurta (Georgette),Kurta,Charcoal,XS,SUP-007,2024-10-21,541,1580,1039,115,43,72,0.626,0.374,2024-12-01,0,41,33.0,7.34,8.7,0.0,74808,Healthy,Store - Koramangala
SKU-0442,Ajrakh Dress (Cotton),Dress,Mauve,S,SUP-002,2024-07-26,573,1719,1146,148,120,28,0.189,0.811,2024-12-01,0,128,25.0,6.56,4.5,0.0,32088,Healthy,Online - Nykaa
SKU-0437,Dabu print Dress (Rayon),Dress,Mauve,XXL,SUP-006,2024-09-18,645,1114,469,91,67,24,0.264,0.736,2024-12-01,0,74,28.0,6.34,3.4,0.0,11256,Healthy,Online - Website
SKU-0076,Shibori Kurta (Chanderi),Kurta,Charcoal,XS,SUP-001,2024-10-29,576,1608,1032,146,26,120,0.822,0.178,2024-12-01,0,33,22.0,5.52,21.8,0.0,123840,Healthy,Store - Koramangala
SKU-0189,Block print Saree (Mul mul),Saree,Ochre,XS,SUP-010,2024-09-11,1283,3465,2182,147,93,54,0.367,0.633,2024-12-01,0,81,35.0,8.04,6.2,0.0,117828,Healthy,Store - Koramangala
SKU-0380,Bagru print Dress (Mul mul),Dress,Mauve,L,SUP-005,2024-10-15,537,1778,1241,85,45,40,0.471,0.529,2024-12-01,0,47,30.0,6.7,5.3,0.0,49640,Healthy,Store - Koramangala
SKU-0395,Mirror work Dress (Georgette),Dress,Teal,S,SUP-004,2024-09-27,573,1719,1146,131,77,54,0.412,0.588,2024-12-01,0,65,31.0,8.29,7.0,0.0,61884,Healthy,Online - Nykaa
SKU-0399,Chikankari Dress (Chanderi),Dress,Ochre,XL,SUP-006,2024-10-18,744,2136,1392,72,51,21,0.292,0.708,2024-12-01,0,44,26.0,8.11,3.2,0.0,29232,Healthy,Online - Website
SKU-0401,Bandhani Dress (Silk blend),Dress,Indigo,S,SUP-001,2024-10-02,603,1156,553,133,65,68,0.511,0.489,2024-12-01,0,60,36.0,7.58,7.6,0.0,37604,Healthy,Store - MG Road
SKU-0202,Block print Coord Set (Mul mul),Coord Set,Charcoal,XXL,SUP-006,2024-10-08,713,2511,1798,115,54,61,0.53,0.47,2024-12-01,0,54,29.0,7.0,8.4,0.0,109678,Healthy,Store - MG Road
SKU-0148,Dabu print Saree (Chanderi),Saree,Indigo,XL,SUP-006,2024-11-14,2024,3501,1477,47,19,28,0.596,0.404,2024-12-01,0,17,19.0,7.82,5.9,0.0,41356,Healthy,Store - Indiranagar
SKU-0419,Shibori Dress (Silk blend),Dress,Indigo,XXL,SUP-003,2024-10-21,723,1970,1247,137,44,93,0.679,0.321,2024-12-01,0,41,33.0,7.51,11.3,0.0,115971,Healthy,Online - Instagram
SKU-0143,Dabu print Saree (Georgette),Saree,Ivory,XL,SUP-003,2024-11-11,1534,3022,1488,141,22,119,0.844,0.156,2024-12-01,0,20,22.0,7.7,21.6,0.0,177072,Healthy,Store - Indiranagar
SKU-0154,Bagru print Saree (Silk blend),Saree,Ochre,S,SUP-007,2024-10-10,1475,3336,1861,140,51,89,0.636,0.364,2024-12-01,0,52,31.0,6.87,11.5,0.0,165629,Healthy,Store - Koramangala
SKU-0162,Kalamkari Saree (Georgette),Saree,Charcoal,M,SUP-008,2024-11-04,1049,2590,1541,143,23,120,0.839,0.161,2024-12-01,0,27,23.0,5.96,20.9,0.0,184920,Healthy,Online - Instagram
SKU-0155,Ikat Saree (Silk blend),Saree,Rust,L,SUP-001,2024-10-13,1463,3985,2522,91,51,40,0.44,0.56,2024-12-01,0,49,32.0,7.29,5.0,0.0,100880,Healthy,Store - Indiranagar
SKU-0017,Ajrakh Kurta (Chanderi),Kurta,Charcoal,XL,SUP-006,2024-10-21,592,1035,443,57,26,31,0.544,0.456,2024-12-01,0,41,15.0,4.44,8.3,0.0,13733,Healthy,Store - Koramangala
